"Sys_PK","Sys_TimeStamp","Sys_GUID","Sys_DTCreated","Sys_User","Sys_LastUser","Sys_Exported","Sys_DTExported","Sys_Info","Activo","Datos","Documento","FInicial","Fiscal","FUltimo","IDControl","NumControl","Serie","sys_recver","sys_deleted","sys_lock","Uf_CFDfolio","uf_CFDI_Info"
"1","2017-05-13 12:22:24","D04E2DE1BF244388896654A045007B26","2008-03-24 05:58:46",\N,\N,"0","2008-03-24 05:58:46",\N,"1",\N,"1","1","0","0",\N,"0","C","0",\N,\N,\N,\N
"2","2017-05-13 12:22:24","C3260B7343434618B2BE9FB919869329","2008-03-24 05:58:59",\N,\N,"0","2008-03-24 05:58:59",\N,"1",\N,"2","1","0","0",\N,"0","P","0",\N,\N,\N,\N
"3","2017-05-13 12:22:24","C6E85965225E4CB586E703C38D809DEB","2008-03-24 05:59:07",\N,\N,"0","2008-03-24 05:59:07",\N,"1",\N,"3","1","0","0",\N,"0","R","0",\N,\N,\N,\N
"4","2017-10-06 05:34:03","D9C29780EE7D405CB929C896D8B70006","2008-03-24 05:59:13",\N,\N,"0","2008-03-24 05:59:13",\N,"1",\N,"4","1","1","0",\N,"0","F","0",\N,\N,\N,\N
"5","2017-05-13 12:22:24","8D7177E6783F4B3999444BE5993781E3","2008-03-24 05:59:18",\N,\N,"0","2008-03-24 05:59:18",\N,"1",\N,"5","1","0","0",\N,"0","N","0",\N,\N,\N,\N
"6","2017-05-13 12:22:24","D91B56AEB4D14592AB3415316E65B300","2008-03-24 05:59:24",\N,\N,"0","2008-03-24 05:59:24",\N,"1",\N,"6","1","0","0",\N,"0","A","0",\N,\N,\N,\N
"7","2017-05-13 12:22:24","88BDE146AD4945B7AD11E89FBCCEE59E","2008-03-24 05:59:34",\N,\N,"0","2008-03-24 05:59:34",\N,"1",\N,"17","1","0","0",\N,"0","G","0",\N,\N,\N,\N
"8","2017-05-13 12:22:25","B8B0C4A444F048F89E729081CFE958D7","2008-03-24 05:59:49",\N,\N,"0","2008-03-24 05:59:49",\N,"1",\N,"18","1","0","0",\N,"0","B","0",\N,\N,\N,\N
"9","2017-05-13 12:22:25","7C6631111E8D4816873154A19F61A7C7","2008-03-24 05:59:54",\N,\N,"0","2008-03-24 05:59:54",\N,"1",\N,"19","1","0","0",\N,"0","H","0",\N,\N,\N,\N
"10","2017-05-13 12:22:25","B4EFA1C2E4804A28A6D500F78DF312E3","2008-03-24 06:00:00",\N,\N,"0","2008-03-24 06:00:00",\N,"1",\N,"33","1","0","0",\N,"0","I","0",\N,\N,\N,\N
"11","2017-05-13 12:22:25","32D64F126DA242778EF53F9487B0A0CF","2008-03-24 06:00:05",\N,\N,"0","2008-03-24 06:00:05",\N,"1",\N,"34","1","0","0",\N,"0","E","0",\N,\N,\N,\N
"12","2017-05-13 12:22:25","C2BFC328FBA04361AECBA05145401326","2008-03-24 06:00:11",\N,\N,"0","2008-03-24 06:00:11",\N,"1",\N,"65","1","0","0",\N,"0","D","0",\N,\N,\N,\N
"13","2017-05-13 12:22:25","F6BBC69A2A4D4D2997B46B878E5EFBCE","2008-03-24 06:00:17",\N,\N,"0","2008-03-24 06:00:17",\N,"1",\N,"66","1","0","0",\N,"0","J","0",\N,\N,\N,\N
"14","2017-05-13 12:22:25","292601AB46F64E7E9B75DFFC4C8664EA","2008-03-24 06:00:35",\N,\N,"0","2008-03-24 06:00:35",\N,"1",\N,"67","1","0","0",\N,"0","K","0",\N,\N,\N,\N
"15","2017-05-13 12:22:25","09C705B9065B448E888FB9DBC0B2EA86","2013-11-16 12:48:00",\N,\N,"0","2013-11-16 12:48:00",\N,"1",\N,"5","1","0","0",\N,"0","NX","0",\N,\N,\N,\N
"16","2017-05-13 12:22:52","A851D01D4EF011E3A1FB143DF30D67DC","2017-05-13 12:22:52",\N,\N,\N,"2017-05-13 12:22:52",\N,"1",\N,"70","1","0","0",\N,"0","RP","0",\N,\N,\N,\N
"17","2017-05-13 12:22:52","D3D6FE704EF011E3A1FB143DF30D67DC","2017-05-13 12:22:52",\N,\N,\N,"2017-05-13 12:22:52",\N,"1",\N,"70","1","0","0",\N,"0","RA","0",\N,\N,\N,\N
"18","2017-05-13 12:22:52","D777B8C34EF011E3A1FB143DF30D67DC","2017-05-13 12:22:52",\N,\N,\N,"2017-05-13 12:22:52",\N,"1",\N,"70","1","0","0",\N,"0","RC","0",\N,\N,\N,\N
"19","2017-05-13 12:22:52","DAA4BA3A4EF011E3A1FB143DF30D67DC","2017-05-13 12:22:52",\N,\N,\N,"2017-05-13 12:22:52",\N,"1",\N,"70","1","0","0",\N,"0","RG","0",\N,\N,\N,\N
"24","2017-05-13 12:23:43","C8032AA77DEE48ACBAF826BCA7AADB47","2017-05-13 12:23:43",\N,\N,\N,"2017-05-13 12:23:43",\N,"1",\N,"80","1","0","0",\N,"0","CR","0",\N,\N,\N,\N
