"sys_pk","sys_guid","sys_dtcreated","sys_timestamp","sys_info","sys_user","sys_lastuser","sys_exported","sys_dtexported","sys_recver","sys_deleted","sys_lock","codigo","descripcion","tcambio","decimales"
"1","411657CCFB32427A9C56D5D06C29FB55","2007-10-22 05:42:01","2007-10-22 05:42:01",\N,\N,\N,"0","2007-10-22 05:42:01","0",\N,\N,"MXN","Peso Mexicano","1.00000000","2"
"2","54009A3124044F1DA86F5C10071D4350","2007-10-23 10:12:03","2007-10-23 10:12:03",\N,\N,\N,"0","2007-10-23 10:12:03","0",\N,\N,"USD","Dólar estadounidense","12.00000000","2"
"3","F9CF1BACCAB6412D902F51A8DC250693","2008-01-28 01:28:51","2008-01-28 01:28:51",\N,\N,\N,"0","2008-01-28 01:28:51","0",\N,\N,"EUR","Euro","15.00000000","2"
"4","a03e3ba6844049a1af4e8c79a00fc72e","2016-01-01 12:00:00","2016-01-01 12:00:00",\N,\N,\N,"0","2016-01-01 12:00:00","0",\N,\N,"AFN","Afgani afgano","1.00000000","2"
"5","474deaad47164ddabfb9451faaf67768","2016-01-01 12:00:00","2016-01-01 12:00:00",\N,\N,\N,"0","2016-01-01 12:00:00","0",\N,\N,"ALL","Lek albanés","1.00000000","2"
"6","3ed4e951e27d4aa38f8e77def4cf0cd5","2016-01-01 12:00:00","2016-01-01 12:00:00",\N,\N,\N,"0","2016-01-01 12:00:00","0",\N,\N,"AMD","Dram armenio","1.00000000","2"
"7","352cfa1d6d2c4a0fbc52cdaa87b9b5ce","2016-01-01 12:00:00","2016-01-01 12:00:00",\N,\N,\N,"0","2016-01-01 12:00:00","0",\N,\N,"ANG","Florín antillano neerlandés","1.00000000","2"
"8","d35ced5c3d7b4b439d08b83cc62b0738","2016-01-01 12:00:00","2016-01-01 12:00:00",\N,\N,\N,"0","2016-01-01 12:00:00","0",\N,\N,"AOA","Kwanza angoleño","1.00000000","2"
"9","0699aa65ec304eb4a2edf70823ec376c","2016-01-01 12:00:00","2016-01-01 12:00:00",\N,\N,\N,"0","2016-01-01 12:00:00","0",\N,\N,"ARS","Peso argentino","1.00000000","2"
"10","4cd2ea44738d40718f93fe6dd05002d2","2016-01-01 12:00:00","2016-01-01 12:00:00",\N,\N,\N,"0","2016-01-01 12:00:00","0",\N,\N,"AUD","Dólar australiano","1.00000000","2"
"11","fed8d5693c674611a3816d52b644276f","2016-01-01 12:00:00","2016-01-01 12:00:00",\N,\N,\N,"0","2016-01-01 12:00:00","0",\N,\N,"AWG","Florín arubeño","1.00000000","2"
"12","b48f8ca0ce514992aab44337e330cbe8","2016-01-01 12:00:00","2016-01-01 12:00:00",\N,\N,\N,"0","2016-01-01 12:00:00","0",\N,\N,"AZN","Manat azerbaiyano","1.00000000","2"
"13","45299f9a32d9474083cb200b26d14ad0","2016-01-01 12:00:00","2016-01-01 12:00:00",\N,\N,\N,"0","2016-01-01 12:00:00","0",\N,\N,"BBD","Dólar de Barbados","1.00000000","2"
"14","6691ff571efa427d82fcc2c873d67e42","2016-01-01 12:00:00","2016-01-01 12:00:00",\N,\N,\N,"0","2016-01-01 12:00:00","0",\N,\N,"BDT","Taka de Bangladés","1.00000000","2"
"15","b91b7a41b10b4c9d9b7d9e3558aa6eaa","2016-01-01 12:00:00","2016-01-01 12:00:00",\N,\N,\N,"0","2016-01-01 12:00:00","0",\N,\N,"BGN","Lev búlgaro","1.00000000","2"
"16","4a0622f4c3bc4d389d128bd064c468f9","2016-01-01 12:00:00","2016-01-01 12:00:00",\N,\N,\N,"0","2016-01-01 12:00:00","0",\N,\N,"BHD","Dinar bahreiní","1.00000000","3"
"17","aa6bc6f6acb143b897807fb33ba95ac1","2016-01-01 12:00:00","2016-01-01 12:00:00",\N,\N,\N,"0","2016-01-01 12:00:00","0",\N,\N,"BIF","Franco burundés","1.00000000","0"
"18","47813708e82b447596ef493a08987f3c","2016-01-01 12:00:00","2016-01-01 12:00:00",\N,\N,\N,"0","2016-01-01 12:00:00","0",\N,\N,"BMD","Dólar de Bermuda","1.00000000","2"
"19","3a98f6a11bee45099c29daf13b0f7d9d","2016-01-01 12:00:00","2016-01-01 12:00:00",\N,\N,\N,"0","2016-01-01 12:00:00","0",\N,\N,"BND","Dólar de Brunéi","1.00000000","2"
"20","cfb518b448c04988bb91a9806537d793","2016-01-01 12:00:00","2016-01-01 12:00:00",\N,\N,\N,"0","2016-01-01 12:00:00","0",\N,\N,"BOB","Boliviano","1.00000000","2"
"21","858a3e0ef1dd45bdad223c2dff96170f","2016-01-01 12:00:00","2016-01-01 12:00:00",\N,\N,\N,"0","2016-01-01 12:00:00","0",\N,\N,"BRL","Real brasileño","1.00000000","2"
"22","129d50c9cd704d68afc787edb17cadc4","2016-01-01 12:00:00","2016-01-01 12:00:00",\N,\N,\N,"0","2016-01-01 12:00:00","0",\N,\N,"BSD","Dólar bahameño","1.00000000","2"
"23","bdf88882877f4b969c3b95e62e0b6eab","2016-01-01 12:00:00","2016-01-01 12:00:00",\N,\N,\N,"0","2016-01-01 12:00:00","0",\N,\N,"BTN","Ngultrum de Bután","1.00000000","2"
"24","412d5fa0072c48689a103ef2e78407fc","2016-01-01 12:00:00","2016-01-01 12:00:00",\N,\N,\N,"0","2016-01-01 12:00:00","0",\N,\N,"BWP","Pula de Botsuana","1.00000000","2"
"25","b84fc1f6aff44b549b42fa91029d6674","2016-01-01 12:00:00","2016-01-01 12:00:00",\N,\N,\N,"0","2016-01-01 12:00:00","0",\N,\N,"BYR","Rublo bielorruso","1.00000000","0"
"26","b6c7e3585c784e7f8c305f4034fc9988","2016-01-01 12:00:00","2016-01-01 12:00:00",\N,\N,\N,"0","2016-01-01 12:00:00","0",\N,\N,"BZD","Dólar de Belice","1.00000000","2"
"27","f80b6bae07104aedaee98662fae8ed03","2016-01-01 12:00:00","2016-01-01 12:00:00",\N,\N,\N,"0","2016-01-01 12:00:00","0",\N,\N,"CAD","Dólar canadiense","1.00000000","2"
"28","2387b66946db4b0ea611a2fe7123a94f","2016-01-01 12:00:00","2016-01-01 12:00:00",\N,\N,\N,"0","2016-01-01 12:00:00","0",\N,\N,"CDF","Franco congoleño, o congolés","1.00000000","2"
"29","995e855b008946d2af3c403cb9fd35fb","2016-01-01 12:00:00","2016-01-01 12:00:00",\N,\N,\N,"0","2016-01-01 12:00:00","0",\N,\N,"CHF","Franco suizo","1.00000000","2"
"30","8e1a05fca89d4dedb734faabe04e9d42","2016-01-01 12:00:00","2016-01-01 12:00:00",\N,\N,\N,"0","2016-01-01 12:00:00","0",\N,\N,"CLP","Peso chileno","1.00000000","0"
"31","492e34e5ed284d33b0f4e6be3aaaf2a9","2016-01-01 12:00:00","2016-01-01 12:00:00",\N,\N,\N,"0","2016-01-01 12:00:00","0",\N,\N,"CNY","Yuan chino","1.00000000","2"
"32","cd0039515bb74e359416c3f868cc30e5","2016-01-01 12:00:00","2016-01-01 12:00:00",\N,\N,\N,"0","2016-01-01 12:00:00","0",\N,\N,"COP","Peso colombiano","1.00000000","2"
"33","b22836a971594000b8a89ecc2880cc62","2016-01-01 12:00:00","2016-01-01 12:00:00",\N,\N,\N,"0","2016-01-01 12:00:00","0",\N,\N,"CRC","Colón costarricense","1.00000000","2"
"34","9ab64a0036a6450297c41f1722b29ea2","2016-01-01 12:00:00","2016-01-01 12:00:00",\N,\N,\N,"0","2016-01-01 12:00:00","0",\N,\N,"CUP","Peso cubano","1.00000000","2"
"35","290163e612d747349aeaf82c4dbe66a2","2016-01-01 12:00:00","2016-01-01 12:00:00",\N,\N,\N,"0","2016-01-01 12:00:00","0",\N,\N,"CUC","Peso cubano convertible","1.00000000","2"
"36","7fb27536ac8a42d386b52cf98e5fb23b","2016-01-01 12:00:00","2016-01-01 12:00:00",\N,\N,\N,"0","2016-01-01 12:00:00","0",\N,\N,"CVE","Escudo caboverdiano","1.00000000","2"
"37","90f380eff9a94386be558a5b97f73673","2016-01-01 12:00:00","2016-01-01 12:00:00",\N,\N,\N,"0","2016-01-01 12:00:00","0",\N,\N,"CZK","Koruna checa","1.00000000","2"
"38","355dfc29884f44f0af6fa3798a34c1cb","2016-01-01 12:00:00","2016-01-01 12:00:00",\N,\N,\N,"0","2016-01-01 12:00:00","0",\N,\N,"DJF","Franco yibutiano","1.00000000","0"
"39","e4295ac0a30e4a20850dc9f7e388be52","2016-01-01 12:00:00","2016-01-01 12:00:00",\N,\N,\N,"0","2016-01-01 12:00:00","0",\N,\N,"DKK","Corona danesa","1.00000000","2"
"40","94234f736eb44e0590091c0ae66f3cc4","2016-01-01 12:00:00","2016-01-01 12:00:00",\N,\N,\N,"0","2016-01-01 12:00:00","0",\N,\N,"DOP","Peso dominicano","1.00000000","2"
"41","07c055fb91bf4b3398fdd945965dcbf3","2016-01-01 12:00:00","2016-01-01 12:00:00",\N,\N,\N,"0","2016-01-01 12:00:00","0",\N,\N,"DZD","Dinar argelino","1.00000000","2"
"42","25c72c7a9e11445c891dbdf0a10c89fb","2016-01-01 12:00:00","2016-01-01 12:00:00",\N,\N,\N,"0","2016-01-01 12:00:00","0",\N,\N,"EGP","Libra egipcia","1.00000000","2"
"43","6924d1ceb7fa4d63ba79794eab7e8137","2016-01-01 12:00:00","2016-01-01 12:00:00",\N,\N,\N,"0","2016-01-01 12:00:00","0",\N,\N,"ERN","Nakfa eritreo","1.00000000","2"
"44","1551992775e24b6eaa5cc417fb707174","2016-01-01 12:00:00","2016-01-01 12:00:00",\N,\N,\N,"0","2016-01-01 12:00:00","0",\N,\N,"ETB","Birr etíope","1.00000000","2"
"45","fc06372212bd4f018175ae9f319b6911","2016-01-01 12:00:00","2016-01-01 12:00:00",\N,\N,\N,"0","2016-01-01 12:00:00","0",\N,\N,"FJD","Dólar fiyiano","1.00000000","2"
"46","05f45a362316413bb3490a8a17dc315c","2016-01-01 12:00:00","2016-01-01 12:00:00",\N,\N,\N,"0","2016-01-01 12:00:00","0",\N,\N,"FKP","Libra malvinense","1.00000000","2"
"47","794ebaf5820543df8511a15e03eb61b4","2016-01-01 12:00:00","2016-01-01 12:00:00",\N,\N,\N,"0","2016-01-01 12:00:00","0",\N,\N,"GEL","Lari georgiano","1.00000000","2"
"48","2f830e8535cf46c6813c54fe166229ce","2016-01-01 12:00:00","2016-01-01 12:00:00",\N,\N,\N,"0","2016-01-01 12:00:00","0",\N,\N,"GHS","Cedi ghanés","1.00000000","2"
"49","c056160371d04685a882aab765af99bb","2016-01-01 12:00:00","2016-01-01 12:00:00",\N,\N,\N,"0","2016-01-01 12:00:00","0",\N,\N,"GIP","Libra de Gibraltar","1.00000000","2"
"50","832759b2f87c47b7b93eb1dc2db13b64","2016-01-01 12:00:00","2016-01-01 12:00:00",\N,\N,\N,"0","2016-01-01 12:00:00","0",\N,\N,"GMD","Dalasi gambiano","1.00000000","2"
"51","0bfbd026d8d5405aa3c4774e0ac90e84","2016-01-01 12:00:00","2016-01-01 12:00:00",\N,\N,\N,"0","2016-01-01 12:00:00","0",\N,\N,"GNF","Franco guineano","1.00000000","0"
"52","e44cc24810d9404593c501d28ec85106","2016-01-01 12:00:00","2016-01-01 12:00:00",\N,\N,\N,"0","2016-01-01 12:00:00","0",\N,\N,"GTQ","Quetzal guatemalteco","1.00000000","2"
"53","dd84a840211442a6911a605b05ce41bf","2016-01-01 12:00:00","2016-01-01 12:00:00",\N,\N,\N,"0","2016-01-01 12:00:00","0",\N,\N,"GYD","Dólar guyanés","1.00000000","2"
"54","780c096c7d8d43899671b58f5a065a78","2016-01-01 12:00:00","2016-01-01 12:00:00",\N,\N,\N,"0","2016-01-01 12:00:00","0",\N,\N,"HKD","Dólar de Hong Kong","1.00000000","2"
"55","17b573d28a5d45b592a2bc9597bf2efa","2016-01-01 12:00:00","2016-01-01 12:00:00",\N,\N,\N,"0","2016-01-01 12:00:00","0",\N,\N,"HNL","Lempira hondureño","1.00000000","2"
"56","4b52a452b3e743aa8453876f056ef935","2016-01-01 12:00:00","2016-01-01 12:00:00",\N,\N,\N,"0","2016-01-01 12:00:00","0",\N,\N,"HRK","Kuna croata","1.00000000","2"
"57","debce89631694df891f6c54751ba3185","2016-01-01 12:00:00","2016-01-01 12:00:00",\N,\N,\N,"0","2016-01-01 12:00:00","0",\N,\N,"HTG","Gourde haitiano","1.00000000","2"
"58","cc1be37360fe4ec180b18f38e3a52a50","2016-01-01 12:00:00","2016-01-01 12:00:00",\N,\N,\N,"0","2016-01-01 12:00:00","0",\N,\N,"HUF","Forint húngaro","1.00000000","2"
"59","6ab6ee3684b84befa3bb59a22f4a63bb","2016-01-01 12:00:00","2016-01-01 12:00:00",\N,\N,\N,"0","2016-01-01 12:00:00","0",\N,\N,"IDR","Rupiah indonesia","1.00000000","2"
"60","bfa436f7cda643c688950a993c18300e","2016-01-01 12:00:00","2016-01-01 12:00:00",\N,\N,\N,"0","2016-01-01 12:00:00","0",\N,\N,"ILS","Nuevo shéquel israelí","1.00000000","2"
"61","d2efed142df1481caaf643ae00875497","2016-01-01 12:00:00","2016-01-01 12:00:00",\N,\N,\N,"0","2016-01-01 12:00:00","0",\N,\N,"INR","Rupia india","1.00000000","2"
"62","91f9b97ef3da40a08cc2187a8e2a6fd0","2016-01-01 12:00:00","2016-01-01 12:00:00",\N,\N,\N,"0","2016-01-01 12:00:00","0",\N,\N,"IQD","Dinar iraquí","1.00000000","3"
"63","24c0e663b54f49deb0c4b6e6fc0afcae","2016-01-01 12:00:00","2016-01-01 12:00:00",\N,\N,\N,"0","2016-01-01 12:00:00","0",\N,\N,"IRR","Rial iraní","1.00000000","2"
"64","3957468415494f53ba09c9242e115a91","2016-01-01 12:00:00","2016-01-01 12:00:00",\N,\N,\N,"0","2016-01-01 12:00:00","0",\N,\N,"ISK","Króna islandesa","1.00000000","0"
"65","34e871c0fa3f43909229216df6a292c2","2016-01-01 12:00:00","2016-01-01 12:00:00",\N,\N,\N,"0","2016-01-01 12:00:00","0",\N,\N,"JMD","Dólar jamaicano","1.00000000","2"
"66","3f865f6968bc47ba8ed3fe59b4abba4c","2016-01-01 12:00:00","2016-01-01 12:00:00",\N,\N,\N,"0","2016-01-01 12:00:00","0",\N,\N,"JOD","Dinar jordano","1.00000000","3"
"68","77ede358aa474294be1ffa7eb2f7d6dd","2016-01-01 12:00:00","2016-01-01 12:00:00",\N,\N,\N,"0","2016-01-01 12:00:00","0",\N,\N,"KES","Chelín keniata","1.00000000","2"
"69","d2702686aa1e4ed2abf1f50b0ab2ccb8","2016-01-01 12:00:00","2016-01-01 12:00:00",\N,\N,\N,"0","2016-01-01 12:00:00","0",\N,\N,"KGS","Som kirguís (de Kirguistán)","1.00000000","2"
"70","30881387ea2f43dfbfa026c4e10a3795","2016-01-01 12:00:00","2016-01-01 12:00:00",\N,\N,\N,"0","2016-01-01 12:00:00","0",\N,\N,"KHR","Riel camboyano","1.00000000","2"
"71","62e92e5245694df69395e93f09dec8a5","2016-01-01 12:00:00","2016-01-01 12:00:00",\N,\N,\N,"0","2016-01-01 12:00:00","0",\N,\N,"KMF","Franco comoriano (de Comoras)","1.00000000","0"
"72","f54f7f3b507346ce9e851993e602c93d","2016-01-01 12:00:00","2016-01-01 12:00:00",\N,\N,\N,"0","2016-01-01 12:00:00","0",\N,\N,"KPW","Won norcoreano","1.00000000","2"
"73","7693624607aa44a69b7eb80422bbf822","2016-01-01 12:00:00","2016-01-01 12:00:00",\N,\N,\N,"0","2016-01-01 12:00:00","0",\N,\N,"KRW","Won surcoreano","1.00000000","0"
"74","11684fd259cb489b97eda0530dd59e64","2016-01-01 12:00:00","2016-01-01 12:00:00",\N,\N,\N,"0","2016-01-01 12:00:00","0",\N,\N,"KWD","Dinar kuwaití","1.00000000","3"
"75","0934b77e1dd04737ab0e8ed6dcd693f2","2016-01-01 12:00:00","2016-01-01 12:00:00",\N,\N,\N,"0","2016-01-01 12:00:00","0",\N,\N,"KZT","Tenge kazajo","1.00000000","2"
"76","2253c4e44e164efd800fdf89af02e87f","2016-01-01 12:00:00","2016-01-01 12:00:00",\N,\N,\N,"0","2016-01-01 12:00:00","0",\N,\N,"LAK","Kip lao","1.00000000","2"
"77","3d4cc0ec4b1f44c28622b15a5b6d30ac","2016-01-01 12:00:00","2016-01-01 12:00:00",\N,\N,\N,"0","2016-01-01 12:00:00","0",\N,\N,"LBP","Libra libanesa","1.00000000","2"
"78","27906bc4164d4d379b8cb6b6b589e190","2016-01-01 12:00:00","2016-01-01 12:00:00",\N,\N,\N,"0","2016-01-01 12:00:00","0",\N,\N,"LKR","Rupia de Sri Lanka","1.00000000","2"
"79","ac435905c99a4059aef32fe0820a519a","2016-01-01 12:00:00","2016-01-01 12:00:00",\N,\N,\N,"0","2016-01-01 12:00:00","0",\N,\N,"LRD","Dólar liberiano","1.00000000","2"
"80","42a9c8cd73b7437aa56f6158fd4209fb","2016-01-01 12:00:00","2016-01-01 12:00:00",\N,\N,\N,"0","2016-01-01 12:00:00","0",\N,\N,"LSL","Loti lesotense","1.00000000","2"
"81","113a63dac6484faca35325f8e52c6b7f","2016-01-01 12:00:00","2016-01-01 12:00:00",\N,\N,\N,"0","2016-01-01 12:00:00","0",\N,\N,"LTL","Litas lituano","1.00000000","2"
"82","468fa18464c2494dbcbf824f923c0f11","2016-01-01 12:00:00","2016-01-01 12:00:00",\N,\N,\N,"0","2016-01-01 12:00:00","0",\N,\N,"LVL","Lat letón","1.00000000","2"
"83","18577a686fa24d4e8b205ef7bec28ed7","2016-01-01 12:00:00","2016-01-01 12:00:00",\N,\N,\N,"0","2016-01-01 12:00:00","0",\N,\N,"LYD","Dinar libio","1.00000000","3"
"84","a52d93b7171e46cba4e9842ddbe6cf46","2016-01-01 12:00:00","2016-01-01 12:00:00",\N,\N,\N,"0","2016-01-01 12:00:00","0",\N,\N,"MAD","Dirham marroquí","1.00000000","2"
"85","981da66f16f74fd7be4a34fa9ed3c085","2016-01-01 12:00:00","2016-01-01 12:00:00",\N,\N,\N,"0","2016-01-01 12:00:00","0",\N,\N,"MDL","Leu moldavo","1.00000000","2"
"86","ee152e02bbdd4144b4b768cd882f208c","2016-01-01 12:00:00","2016-01-01 12:00:00",\N,\N,\N,"0","2016-01-01 12:00:00","0",\N,\N,"MGA","Ariary malgache","1.00000000","2"
"87","02b8c61b4676421ba71f7a834af96994","2016-01-01 12:00:00","2016-01-01 12:00:00",\N,\N,\N,"0","2016-01-01 12:00:00","0",\N,\N,"MKD","Denar macedonio","1.00000000","2"
"88","2d1c40afec444d82b3190575f3d4d524","2016-01-01 12:00:00","2016-01-01 12:00:00",\N,\N,\N,"0","2016-01-01 12:00:00","0",\N,\N,"MMK","Kyat birmano","1.00000000","2"
"89","99ae8cd6c33449d9a9983043917cc91d","2016-01-01 12:00:00","2016-01-01 12:00:00",\N,\N,\N,"0","2016-01-01 12:00:00","0",\N,\N,"MNT","Tughrik mongol","1.00000000","2"
"90","d4186fb3d2544cfb86a1a913bd7cc05e","2016-01-01 12:00:00","2016-01-01 12:00:00",\N,\N,\N,"0","2016-01-01 12:00:00","0",\N,\N,"MOP","Pataca de Macao","1.00000000","2"
"91","a699af09c08b4c4290d5105c696dfcb4","2016-01-01 12:00:00","2016-01-01 12:00:00",\N,\N,\N,"0","2016-01-01 12:00:00","0",\N,\N,"MRO","Ouguiya mauritana","1.00000000","2"
"92","cea4ca1424f5445db27bbdbe8b554e78","2016-01-01 12:00:00","2016-01-01 12:00:00",\N,\N,\N,"0","2016-01-01 12:00:00","0",\N,\N,"MUR","Rupia mauricia","1.00000000","2"
"93","96047b4773bf41a7bd92ba2d1ddc1148","2016-01-01 12:00:00","2016-01-01 12:00:00",\N,\N,\N,"0","2016-01-01 12:00:00","0",\N,\N,"MVR","Rufiyaa maldiva","1.00000000","2"
"94","52b3453239f54e3eabfe8fe07ce24a0b","2016-01-01 12:00:00","2016-01-01 12:00:00",\N,\N,\N,"0","2016-01-01 12:00:00","0",\N,\N,"MWK","Kwacha malauí","1.00000000","2"
"95","95e870b15c4c491687ba1e9bcc868a56","2016-01-01 12:00:00","2016-01-01 12:00:00",\N,\N,\N,"0","2016-01-01 12:00:00","0",\N,\N,"MYR","Ringgit malayo","1.00000000","2"
"96","ca216cc16e1b4a5595b6425ad5f543ea","2016-01-01 12:00:00","2016-01-01 12:00:00",\N,\N,\N,"0","2016-01-01 12:00:00","0",\N,\N,"MZN","Metical mozambiqueño","1.00000000","2"
"97","6a17c0da8d0940ffa73b172ddff2d62b","2016-01-01 12:00:00","2016-01-01 12:00:00",\N,\N,\N,"0","2016-01-01 12:00:00","0",\N,\N,"NAD","Dólar namibio","1.00000000","2"
"98","0b742e46e33945baa82fb54be5efd3d3","2016-01-01 12:00:00","2016-01-01 12:00:00",\N,\N,\N,"0","2016-01-01 12:00:00","0",\N,\N,"NGN","Naira nigeriana","1.00000000","2"
"99","eb280419e07d49b39f5aee669b9cd225","2016-01-01 12:00:00","2016-01-01 12:00:00",\N,\N,\N,"0","2016-01-01 12:00:00","0",\N,\N,"NIO","Córdoba nicaragüense","1.00000000","2"
"100","1b75c4a034614de8b2436fc9948602ee","2016-01-01 12:00:00","2016-01-01 12:00:00",\N,\N,\N,"0","2016-01-01 12:00:00","0",\N,\N,"NOK","Corona noruega","1.00000000","2"
"101","7fd2cc75522e421ea4f35eff2e35a67b","2016-01-01 12:00:00","2016-01-01 12:00:00",\N,\N,\N,"0","2016-01-01 12:00:00","0",\N,\N,"NPR","Rupia nepalesa","1.00000000","2"
"102","2240e525dfc444859a137a11eb0ac83b","2016-01-01 12:00:00","2016-01-01 12:00:00",\N,\N,\N,"0","2016-01-01 12:00:00","0",\N,\N,"NZD","Dólar neozelandés","1.00000000","2"
"103","186bac6783894e01bc84b036d7a867de","2016-01-01 12:00:00","2016-01-01 12:00:00",\N,\N,\N,"0","2016-01-01 12:00:00","0",\N,\N,"OMR","Rial omaní","1.00000000","3"
"104","774126d91fb840c19cecb19299e6863c","2016-01-01 12:00:00","2016-01-01 12:00:00",\N,\N,\N,"0","2016-01-01 12:00:00","0",\N,\N,"PAB","Balboa panameña","1.00000000","2"
"105","91ecaf281a2540fd8c08e99a575a996c","2016-01-01 12:00:00","2016-01-01 12:00:00",\N,\N,\N,"0","2016-01-01 12:00:00","0",\N,\N,"PEN","Nuevo sol peruano","1.00000000","2"
"106","5567c199f5ef4d31b6714683b794845c","2016-01-01 12:00:00","2016-01-01 12:00:00",\N,\N,\N,"0","2016-01-01 12:00:00","0",\N,\N,"PGK","Kina de Papúa Nueva Guinea","1.00000000","2"
"107","b71029b87b694f109436bd3251a875dd","2016-01-01 12:00:00","2016-01-01 12:00:00",\N,\N,\N,"0","2016-01-01 12:00:00","0",\N,\N,"PHP","Peso filipino","1.00000000","2"
"108","68a8c056e5df4df1b4768e8fc13e5da6","2016-01-01 12:00:00","2016-01-01 12:00:00",\N,\N,\N,"0","2016-01-01 12:00:00","0",\N,\N,"PKR","Rupia pakistaní","1.00000000","2"
"109","0f8d3b57958b433b8a32aacec6678619","2016-01-01 12:00:00","2016-01-01 12:00:00",\N,\N,\N,"0","2016-01-01 12:00:00","0",\N,\N,"PLN","zloty polaco","1.00000000","2"
"110","a628ae76f1904f2f825e3725d4721f31","2016-01-01 12:00:00","2016-01-01 12:00:00",\N,\N,\N,"0","2016-01-01 12:00:00","0",\N,\N,"PYG","Guaraní paraguayo","1.00000000","0"
"111","d2f4bdfcb8f24372af06a867bd546bcc","2016-01-01 12:00:00","2016-01-01 12:00:00",\N,\N,\N,"0","2016-01-01 12:00:00","0",\N,\N,"QAR","Rial qatarí","1.00000000","2"
"112","d2f700cb8dc144a5b8eae0924d431b38","2016-01-01 12:00:00","2016-01-01 12:00:00",\N,\N,\N,"0","2016-01-01 12:00:00","0",\N,\N,"RON","Leu rumano","1.00000000","2"
"113","34e8b812aa144d52ab6f480bd9715623","2016-01-01 12:00:00","2016-01-01 12:00:00",\N,\N,\N,"0","2016-01-01 12:00:00","0",\N,\N,"RUB","Rublo ruso","1.00000000","2"
"114","70d01130f23b4c469d1890bc781a60ea","2016-01-01 12:00:00","2016-01-01 12:00:00",\N,\N,\N,"0","2016-01-01 12:00:00","0",\N,\N,"RWF","Franco ruandés","1.00000000","0"
"115","532fdbc83b144ca7a8e7de0ac55e6b2a","2016-01-01 12:00:00","2016-01-01 12:00:00",\N,\N,\N,"0","2016-01-01 12:00:00","0",\N,\N,"SAR","Riyal saudí","1.00000000","2"
"116","acfeb03bd6f24ed6aa5b9dc94f7e5342","2016-01-01 12:00:00","2016-01-01 12:00:00",\N,\N,\N,"0","2016-01-01 12:00:00","0",\N,\N,"SBD","Dólar de las Islas Salomón","1.00000000","2"
"117","016453e210624a51bc50133960e05bf0","2016-01-01 12:00:00","2016-01-01 12:00:00",\N,\N,\N,"0","2016-01-01 12:00:00","0",\N,\N,"SCR","Rupia de Seychelles","1.00000000","2"
"118","3bad112b639c4dec8ad1b3143c658a89","2016-01-01 12:00:00","2016-01-01 12:00:00",\N,\N,\N,"0","2016-01-01 12:00:00","0",\N,\N,"SDG","Dinar sudanés","1.00000000","2"
"119","4593054661914485b656b77bdf246f18","2016-01-01 12:00:00","2016-01-01 12:00:00",\N,\N,\N,"0","2016-01-01 12:00:00","0",\N,\N,"SEK","Corona sueca","1.00000000","2"
"120","de2fdb03fa914d9ea428c5d734c6cff6","2016-01-01 12:00:00","2016-01-01 12:00:00",\N,\N,\N,"0","2016-01-01 12:00:00","0",\N,\N,"SGD","Dólar de Singapur","1.00000000","2"
"121","e39e846e6c324984b3e457ed4f88841f","2016-01-01 12:00:00","2016-01-01 12:00:00",\N,\N,\N,"0","2016-01-01 12:00:00","0",\N,\N,"SHP","Libra de Santa Helena","1.00000000","2"
"122","50a238a0cc724d42b341997450f6962c","2016-01-01 12:00:00","2016-01-01 12:00:00",\N,\N,\N,"0","2016-01-01 12:00:00","0",\N,\N,"SLL","Leone de Sierra Leona","1.00000000","2"
"123","1d823912e4894a888e47e4d1fec8cff2","2016-01-01 12:00:00","2016-01-01 12:00:00",\N,\N,\N,"0","2016-01-01 12:00:00","0",\N,\N,"SOS","Chelín somalí","1.00000000","2"
"124","320ec6a5b1804afaa7f13f534406091c","2016-01-01 12:00:00","2016-01-01 12:00:00",\N,\N,\N,"0","2016-01-01 12:00:00","0",\N,\N,"SRD","Dólar surinamés","1.00000000","2"
"125","9d6cd47a970c4410b86bae60747813ee","2016-01-01 12:00:00","2016-01-01 12:00:00",\N,\N,\N,"0","2016-01-01 12:00:00","0",\N,\N,"STD","Dobra de Santo Tomé y Príncipe","1.00000000","2"
"126","4de6aed19b5f421d922d9f9c3981f707","2016-01-01 12:00:00","2016-01-01 12:00:00",\N,\N,\N,"0","2016-01-01 12:00:00","0",\N,\N,"SYP","Libra siria","1.00000000","2"
"127","1837ade9f7b3458ca01d6ce9e741c826","2016-01-01 12:00:00","2016-01-01 12:00:00",\N,\N,\N,"0","2016-01-01 12:00:00","0",\N,\N,"SZL","Lilangeni suazi","1.00000000","2"
"128","56b33b16c8814d33a1dee8d9eabf7387","2016-01-01 12:00:00","2016-01-01 12:00:00",\N,\N,\N,"0","2016-01-01 12:00:00","0",\N,\N,"THB","Baht tailandés","1.00000000","2"
"129","13f5e93ad815476ea7827deaad5be86c","2016-01-01 12:00:00","2016-01-01 12:00:00",\N,\N,\N,"0","2016-01-01 12:00:00","0",\N,\N,"TJS","Somoni tayik (de Tayikistán)","1.00000000","2"
"130","e33a148498974926ba2fa7bbb706f243","2016-01-01 12:00:00","2016-01-01 12:00:00",\N,\N,\N,"0","2016-01-01 12:00:00","0",\N,\N,"TMT","Manat turcomano","1.00000000","2"
"131","85483c6887e54232a23eebee5b72dab3","2016-01-01 12:00:00","2016-01-01 12:00:00",\N,\N,\N,"0","2016-01-01 12:00:00","0",\N,\N,"TND","Dinar tunecino","1.00000000","3"
"132","8c822df398074ead93af65fb5cf848ad","2016-01-01 12:00:00","2016-01-01 12:00:00",\N,\N,\N,"0","2016-01-01 12:00:00","0",\N,\N,"TOP","Paanga tongano","1.00000000","2"
"133","4ebe8cf4a9ce499d88bc76352ef66143","2016-01-01 12:00:00","2016-01-01 12:00:00",\N,\N,\N,"0","2016-01-01 12:00:00","0",\N,\N,"TRY","Lira turca","1.00000000","2"
"134","a28cb50e5fca498caa2970e2dec40d11","2016-01-01 12:00:00","2016-01-01 12:00:00",\N,\N,\N,"0","2016-01-01 12:00:00","0",\N,\N,"TTD","Dólar de Trinidad y Tobago","1.00000000","2"
"135","d6fb9fa1b34440f09ed75930d8b69775","2016-01-01 12:00:00","2016-01-01 12:00:00",\N,\N,\N,"0","2016-01-01 12:00:00","0",\N,\N,"TWD","Dólar taiwanés","1.00000000","2"
"136","b89238d82a7141b28d1bb3f8cfa3b2c0","2016-01-01 12:00:00","2016-01-01 12:00:00",\N,\N,\N,"0","2016-01-01 12:00:00","0",\N,\N,"TZS","Chelín tanzano","1.00000000","2"
"137","b8854d808cea4be3a638cde014656d70","2016-01-01 12:00:00","2016-01-01 12:00:00",\N,\N,\N,"0","2016-01-01 12:00:00","0",\N,\N,"UAH","Grivna ucraniana","1.00000000","2"
"138","01bcf1f32aca49c498e9d87a693ab581","2016-01-01 12:00:00","2016-01-01 12:00:00",\N,\N,\N,"0","2016-01-01 12:00:00","0",\N,\N,"UGX","Chelín ugandés","1.00000000","0"
"139","3bbc23e1ace4454db687de3d61c4a4fb","2016-01-01 12:00:00","2016-01-01 12:00:00",\N,\N,\N,"0","2016-01-01 12:00:00","0",\N,\N,"UYU","Peso uruguayo","1.00000000","2"
"140","b976063dae0a4cc683e4f2dce81f6825","2016-01-01 12:00:00","2016-01-01 12:00:00",\N,\N,\N,"0","2016-01-01 12:00:00","0",\N,\N,"UZS","Som uzbeko","1.00000000","2"
"141","388541640a86477ca6408e3aafc4aa99","2016-01-01 12:00:00","2016-01-01 12:00:00",\N,\N,\N,"0","2016-01-01 12:00:00","0",\N,\N,"VEF","Bolívar fuerte venezolano","1.00000000","2"
"142","1592be9ebedb40bd918a653a4245d4dc","2016-01-01 12:00:00","2016-01-01 12:00:00",\N,\N,\N,"0","2016-01-01 12:00:00","0",\N,\N,"VND","Dong vietnamita","1.00000000","0"
"143","8e273cf109a74475aa5d19cd4d050e90","2016-01-01 12:00:00","2016-01-01 12:00:00",\N,\N,\N,"0","2016-01-01 12:00:00","0",\N,\N,"VUV","Vatu vanuatense","1.00000000","0"
"144","756f9b5dd8ed44c8824e3d9f72db0b5d","2016-01-01 12:00:00","2016-01-01 12:00:00",\N,\N,\N,"0","2016-01-01 12:00:00","0",\N,\N,"WST","Tala samoana","1.00000000","2"
"145","3e06c05a7ca247458fba99a914882ac4","2016-01-01 12:00:00","2016-01-01 12:00:00",\N,\N,\N,"0","2016-01-01 12:00:00","0",\N,\N,"XAF","Franco CFA de África Central","1.00000000","0"
"146","2194ba2a267e46e1a23d942dbe33d16c","2016-01-01 12:00:00","2016-01-01 12:00:00",\N,\N,\N,"0","2016-01-01 12:00:00","0",\N,\N,"XAG","Onza de plata","1.00000000","0"
"147","f03878c9d33c402099a9229739038f7e","2016-01-01 12:00:00","2016-01-01 12:00:00",\N,\N,\N,"0","2016-01-01 12:00:00","0",\N,\N,"XAU","Onza de oro","1.00000000","0"
"148","8e699c53f4b544d4b3d8106b5ac3aa1c","2016-01-01 12:00:00","2016-01-01 12:00:00",\N,\N,\N,"0","2016-01-01 12:00:00","0",\N,\N,"XCD","Dólar del Caribe Oriental","1.00000000","2"
"149","8835c1e21e9544a2b771119da3f89c07","2016-01-01 12:00:00","2016-01-01 12:00:00",\N,\N,\N,"0","2016-01-01 12:00:00","0",\N,\N,"XPD","Onza de paladio","1.00000000","0"
"150","8302681a5f224dd18a08c9b83d7ace8f","2016-01-01 12:00:00","2016-01-01 12:00:00",\N,\N,\N,"0","2016-01-01 12:00:00","0",\N,\N,"XPF","Franco CFP","1.00000000","0"
"151","c4ee842240a040f5b79935ba97c0286c","2016-01-01 12:00:00","2016-01-01 12:00:00",\N,\N,\N,"0","2016-01-01 12:00:00","0",\N,\N,"XPT","Onza de platino","1.00000000","0"
"152","37a9d0eaa8a74f2f8eadc88411125527","2016-01-01 12:00:00","2016-01-01 12:00:00",\N,\N,\N,"0","2016-01-01 12:00:00","0",\N,\N,"XTS","Reservado para pruebas","1.00000000","0"
"153","935285accc5a468a87ca2574560f6569","2016-01-01 12:00:00","2016-01-01 12:00:00",\N,\N,\N,"0","2016-01-01 12:00:00","0",\N,\N,"XXX","Sin divisa","1.00000000","0"
"154","46823495cd1a43a2a131d7cdfb43735f","2016-01-01 12:00:00","2016-01-01 12:00:00",\N,\N,\N,"0","2016-01-01 12:00:00","0",\N,\N,"YER","Rial yemení (de Yemen)","1.00000000","2"
"155","1a9ce8dd0c474c54a277f695fec4dad8","2016-01-01 12:00:00","2016-01-01 12:00:00",\N,\N,\N,"0","2016-01-01 12:00:00","0",\N,\N,"ZAR","Rand sudafricano","1.00000000","2"
"156","7557484013bd4e98be22026ba5f18c27","2016-01-01 12:00:00","2016-01-01 12:00:00",\N,\N,\N,"0","2016-01-01 12:00:00","0",\N,\N,"ZMW","Kwacha zambiano","1.00000000","2"
"157","989efec9ad1d481f8e99351911931c5f","2016-01-01 12:00:00","2016-01-01 12:00:00",\N,\N,\N,"0","2016-01-01 12:00:00","0",\N,\N,"ZWL","Dólar zimbabuense","1.00000000","2"
"158","1f580e840f31445f8cec1e084a15c884","2024-07-24 10:37:13","2024-07-24 10:37:13",\N,\N,\N,"0","2024-07-24 10:37:13","0",\N,\N,"JPY","Yen","1.00000000","0"
