"sys_guid","sys_dtcreated","sys_timestamp","sys_info","sys_user","sys_lastuser","sys_exported","sys_dtexported","sys_recver","sys_deleted","sys_lock","varname","vardefault","varvalue","varcaption","varhelp","vartype","varinput","ref_varcat","userenable"
"C3F742EE949F41799E568600042876B2","2015-08-20 12:00:00","2023-12-15 15:57:25",\N,\N,\N,"0","2015-08-20 12:00:00","0",\N,\N,"FXCA076",\N,"2024","Ejercicio actual","Es el período en el que se mide la situación financiera y económica de una empresa",\N,"integer","8",\N
"1F0B903EF4EA41E1AD9CD6920296EC00","2015-08-20 12:00:00","2015-08-20 12:00:00",\N,\N,\N,"0","2015-08-20 12:00:00","0",\N,\N,"DB_SCHEMA_VER",\N,"3.2",\N,\N,\N,\N,\N,\N
"786CEA16D03240A0A6049BFB008512ED","2015-08-20 12:00:00","2023-12-27 16:13:17",\N,\N,\N,"0","2015-08-20 12:00:00","4",\N,\N,"FXCA099",\N,"Nombre Comercial de Prueba","Nombre comercial","Nombre legal del negocio",\N,"string","1",\N
"30E7D857D87E45A78969F4ADE79F235C","2015-08-20 12:00:00","2023-12-15 15:57:22",\N,\N,\N,"0","2015-08-20 12:00:00","0",\N,\N,"FXCA100",\N,"Nombre Fiscal de Prueba","Nombre fiscal","Denominación o razón social del contribuyente",\N,"string","1",\N
"8CAA1EC655384AD9AC15D4A5395719C1","2015-08-20 12:00:00","2023-12-15 15:57:22",\N,\N,\N,"0","2015-08-20 12:00:00","0",\N,\N,"FXCA101",\N,"EWE1709045U0","R.F.C.","Registro Federal de Contribuyentes",\N,"string","1",\N
"5269D6262E6D4139864B33B7702F2DF3","2015-08-20 12:00:00","2023-12-15 15:57:22",\N,\N,\N,"0","2015-08-20 12:00:00","0",\N,\N,"FXCA102",\N,"Domicilio de prueba","Domicilio",\N,\N,\N,"1",\N
"ACEC0A5D6ABC4824B2000204BCDCBD54","2015-08-20 12:00:00","2023-12-15 15:57:22",\N,\N,\N,"0","2015-08-20 12:00:00","0",\N,\N,"FXCA103",\N,"Localidad de prueba","Localidad","Información de la ciudad o estado",\N,\N,"1",\N
"F5EBA5E2548D4283BAF2C03F23EC8821","2015-08-20 12:00:00","2023-12-15 15:57:22",\N,\N,\N,"0","2015-08-20 12:00:00","0",\N,\N,"FXCA104",\N,"0000000000","Telefonos",\N,\N,\N,"1",\N
"34797438DF664CB39BF62CEC133228F7","2015-08-20 12:00:00","2023-12-15 15:57:22",\N,\N,\N,"0","2015-08-20 12:00:00","0",\N,\N,"FXCA105",\N,"0000000000","Fax","Número de teléfono",\N,\N,"1",\N
"9962005A2B704172AA8C5FC47BC6E0A4","2015-08-20 12:00:00","2023-12-15 15:57:22",\N,\N,\N,"0","2015-08-20 12:00:00","0",\N,\N,"FXCA106",\N,"https://www.sitiowebdeprueba.test","Sitio Web",\N,\N,\N,"1",\N
"EF0A4ADE40D441F5B9CB315D1EB530AA","2015-08-20 12:00:00","2023-12-15 15:57:22",\N,\N,\N,"0","2015-08-20 12:00:00","0",\N,\N,"FXCA107",\N,"Representante Legal de Prueba","Representante legal","Representante legal ante la ley",\N,\N,"1",\N
"BDA6943DD6534C19B6FFE400FB815DF6","2015-08-20 12:00:00","2023-12-15 15:57:22",\N,\N,\N,"0","2015-08-20 12:00:00","0",\N,\N,"FXCA108",\N,"Título","Título","Título que aparecerá en los informes",\N,"string","2.1",\N
"C3E9BB4C4EB349F2960281F6CEA8953E","2015-08-20 12:00:00","2023-12-15 15:57:22",\N,\N,\N,"0","2015-08-20 12:00:00","0",\N,\N,"FXCA109",\N,"Sub-título","Sub-título","Sub-título que aparecerá en los informes",\N,"string","2.1",\N
"8E12514EDFE74EE9B0D000FE676260D0","2015-08-20 12:00:00","2023-12-15 15:57:23",\N,\N,\N,"0","2015-08-20 12:00:00","0",\N,\N,"FXCA110",\N,"Sub-título alterno","Sub-título alterno","Sub-título alterno que aparecerá en los informes",\N,"string","2.1",\N
"5064199089EE450EBEA3C6682800F090","2015-08-20 12:00:00","2023-12-15 15:57:23",\N,\N,\N,"0","2015-08-20 12:00:00","0",\N,\N,"FXCA111",\N,"Pie de página","Pie de página","Pie de página que aparecerá en los informes",\N,"string","2.1",\N
"651FE34643CD4F479E4D573FAFFB387C","2015-08-20 12:00:00","2023-12-15 15:57:23",\N,\N,\N,"0","2015-08-20 12:00:00","0",\N,\N,"FXCA112",\N,"Mi Empresa","Encabezado","Encabezado que aparecerá en los tickets",\N,"string","2.2",\N
"31897588F5D245F9AA397F31C1E91CDF","2015-08-20 12:00:00","2023-12-15 15:57:23",\N,\N,\N,"0","2015-08-20 12:00:00","0",\N,\N,"FXCA113",\N,"Gracias por su compra","Pie","pie que aparecerá en los tickets",\N,"string","2.2",\N
"C517B845AC794C0B8027E804F53F6870","2015-08-20 12:00:00","2023-12-15 15:57:23",\N,\N,\N,"0","2015-08-20 12:00:00","0",\N,\N,"FXCA008",\N,"-1",\N,\N,\N,\N,\N,\N
"00D06BFC3B4344B7B88CD8A0DC95B8AA","2015-08-20 12:00:00","2023-12-15 15:57:23",\N,\N,\N,"0","2015-08-20 12:00:00","0",\N,\N,"FXCA009",\N,"-1",\N,\N,\N,\N,\N,\N
"B0D11FCBD43F439BB04EFB4169A41FB2","2015-08-20 12:00:00","2023-12-15 15:57:23",\N,\N,\N,"0","2015-08-20 12:00:00","0",\N,\N,"FXCA010",\N,"-1",\N,\N,\N,\N,\N,\N
"FE4FA3314B74458BBB76D1D2EDC700EA","2015-08-20 12:00:00","2023-12-15 15:57:23",\N,\N,\N,"0","2015-08-20 12:00:00","0",\N,\N,"FXCA011",\N,"-1",\N,\N,\N,\N,\N,\N
"1D868E6689CE4BF1A762A39BF27DDEC0","2015-08-20 12:00:00","2023-12-15 15:57:23",\N,\N,\N,"0","2015-08-20 12:00:00","0",\N,\N,"FXCA012",\N,"-1",\N,\N,\N,\N,\N,\N
"50A722D4C40F45C0915C8050FA92A8B8","2015-08-20 12:00:00","2023-12-15 15:57:23",\N,\N,\N,"0","2015-08-20 12:00:00","0",\N,\N,"FXCA001",\N,"6",\N,\N,\N,\N,\N,\N
"0912261F8FF34C5D927DD6A939B99B30","2015-08-20 12:00:00","2023-12-15 15:57:23",\N,\N,\N,"0","2015-08-20 12:00:00","0",\N,\N,"FXCA002",\N,"6",\N,\N,\N,\N,\N,\N
"1843498B21F2482BBD28844EB6D3EAB5","2015-08-20 12:00:00","2023-12-15 15:57:23",\N,\N,\N,"0","2015-08-20 12:00:00","0",\N,\N,"FXCA003",\N,"$ #,#.0000",\N,\N,\N,\N,\N,\N
"B14DF7B6EDA54FC18985FD4FD1DDD590","2015-08-20 12:00:00","2023-12-15 15:57:23",\N,\N,\N,"0","2015-08-20 12:00:00","0",\N,\N,"FXCA004",\N,"dd/mmm/yyyy",\N,\N,\N,\N,\N,\N
"EB49CF51EAF044D3BFF80062D349DA21","2015-08-20 12:00:00","2023-12-15 15:57:23",\N,\N,\N,"0","2015-08-20 12:00:00","0",\N,\N,"FXCA013",\N,"1",\N,\N,\N,\N,\N,\N
"F28972D8EB7F43209DD9755041CC67CB","2015-08-20 12:00:00","2023-12-15 15:57:23",\N,\N,\N,"0","2015-08-20 12:00:00","0",\N,\N,"FXCA014",\N,"7",\N,\N,\N,\N,\N,\N
"277FB8B461434E88863DCD4135E07C7C","2015-08-20 12:00:00","2023-12-15 15:57:23",\N,\N,\N,"0","2015-08-20 12:00:00","0",\N,\N,"FXCA015",\N,"8",\N,\N,\N,\N,\N,\N
"1045485947E742A4B8A7094215DFA879","2015-08-20 12:00:00","2023-12-15 15:57:23",\N,\N,\N,"0","2015-08-20 12:00:00","0",\N,\N,"FXCA016",\N,"-1",\N,\N,\N,\N,\N,\N
"66F5BB2430C94869BC47589CBDB3F7BB","2015-08-20 12:00:00","2023-12-15 15:57:23",\N,\N,\N,"0","2015-08-20 12:00:00","0",\N,\N,"FXCA017",\N,"A0000000",\N,\N,\N,\N,\N,\N
"DC63B1CF85044A8BBC5279717CD8C412","2015-08-20 12:00:00","2023-12-15 15:57:23",\N,\N,\N,"0","2015-08-20 12:00:00","0",\N,\N,"FXCA018",\N,"1",\N,\N,\N,\N,\N,\N
"647BB5D8F6EF4D74B68DB7ABC7F98CE8","2015-08-20 12:00:00","2023-12-15 15:57:23",\N,\N,\N,"0","2015-08-20 12:00:00","0",\N,\N,"FXCA019",\N,"7",\N,\N,\N,\N,\N,\N
"0AFC75A2E58F4E7B844FF318A495D57B","2015-08-20 12:00:00","2023-12-15 15:57:23",\N,\N,\N,"0","2015-08-20 12:00:00","0",\N,\N,"FXCA020",\N,"396",\N,\N,\N,\N,\N,\N
"2E95D7F79FB84BB5A77FBEF18431A9CA","2015-08-20 12:00:00","2023-12-15 15:57:23",\N,\N,\N,"0","2015-08-20 12:00:00","0",\N,\N,"FXCA021",\N,"1",\N,\N,\N,\N,\N,\N
"E8478CA43A2F48D5978586528D2EFA5E","2015-08-20 12:00:00","2023-12-15 15:57:23",\N,\N,\N,"0","2015-08-20 12:00:00","0",\N,\N,"FXCA022",\N,"1",\N,\N,\N,\N,\N,\N
"603E1A1A1433435E98DEAEDFA9F5EA93","2015-08-20 12:00:00","2023-12-15 15:57:23",\N,\N,\N,"0","2015-08-20 12:00:00","0",\N,\N,"FXCA023",\N,"0",\N,\N,\N,\N,\N,\N
"8BC38FABD88F4055AA6DB6B97C44F18F","2015-08-20 12:00:00","2023-12-15 15:57:23",\N,\N,\N,"0","2015-08-20 12:00:00","0",\N,\N,"FXCA024",\N,"0",\N,\N,\N,\N,\N,\N
"4D618DE40D954961B696C720F84B9384","2015-08-20 12:00:00","2023-12-15 15:57:23",\N,\N,\N,"0","2015-08-20 12:00:00","0",\N,\N,"FXCA025",\N,"0",\N,\N,\N,\N,\N,\N
"89A767AF82DC427B99557F12DF4FE96C","2015-08-20 12:00:00","2023-12-15 15:57:23",\N,\N,\N,"0","2015-08-20 12:00:00","0",\N,\N,"FXCA026",\N,"5",\N,\N,\N,\N,\N,\N
"23C66AFB139E4BB691D4E860EBDC4CBA","2015-08-20 12:00:00","2023-12-15 15:57:23",\N,\N,\N,"0","2015-08-20 12:00:00","0",\N,\N,"FXCA027",\N,"6",\N,\N,\N,\N,\N,\N
"BF6297763B1A4081BD83C1E338E86300","2015-08-20 12:00:00","2023-12-15 15:57:23",\N,\N,\N,"0","2015-08-20 12:00:00","0",\N,\N,"FXCA000",\N,".01",\N,\N,\N,\N,\N,\N
"0D0E55F4D30A4FB6BD3D8FCE1E3F2C40","2015-08-20 12:00:00","2023-12-15 15:57:23",\N,\N,\N,"0","2015-08-20 12:00:00","0",\N,\N,"FXCA028",\N,"2",\N,\N,\N,\N,\N,\N
"8CC774A957074EF9965820886E872C82","2015-08-20 12:00:00","2023-12-15 15:57:23",\N,\N,\N,"0","2015-08-20 12:00:00","0",\N,\N,"FXCA029",\N,"$AppReportsPath$\Ventas\Cotizacion.xpd",\N,\N,\N,\N,\N,\N
"62C0A2629A5841F2BF539FE4F8B9E664","2015-08-20 12:00:00","2023-12-15 15:57:23",\N,\N,\N,"0","2015-08-20 12:00:00","0",\N,\N,"FXCA030",\N,"$AppReportsPath$\Ventas\Pedido.xpd",\N,\N,\N,\N,\N,\N
"0ECCBCCC48D8446690E4604749213552","2015-08-20 12:00:00","2023-12-15 15:57:23",\N,\N,\N,"0","2015-08-20 12:00:00","0",\N,\N,"FXCA031",\N,"$AppReportsPath$\Ventas\Remision.xpd",\N,\N,\N,\N,\N,\N
"3E994073E42B4C96964F863026745B9E","2015-08-20 12:00:00","2023-12-15 15:57:23",\N,\N,\N,"0","2015-08-20 12:00:00","0",\N,\N,"FXCA032",\N,"$AppReportsPath$\Ventas\Factura.xpd",\N,\N,\N,\N,\N,\N
"DB4DE9FFFF7446D3B68569F5A89BCC00","2015-08-20 12:00:00","2023-12-15 15:57:23",\N,\N,\N,"0","2015-08-20 12:00:00","0",\N,\N,"FXCA033",\N,"$AppReportsPath$\Ventas\Nota de credito.xpd",\N,\N,\N,\N,\N,\N
"50B5A15056D84CECB0552329B63409C7","2015-08-20 12:00:00","2023-12-15 15:57:24",\N,\N,\N,"0","2015-08-20 12:00:00","0",\N,\N,"FXCA034",\N,"$AppReportsPath$\Cuentas por Cobrar\Nota de cargo.xpd",\N,\N,\N,\N,\N,\N
"DA3CFBD2F4684F69B51EBBA081F683A1","2015-08-20 12:00:00","2023-12-15 15:57:24",\N,\N,\N,"0","2015-08-20 12:00:00","0",\N,\N,"FXCA035",\N,"$AppReportsPath$\Cuentas por Cobrar\Recibo.xpd",\N,\N,\N,\N,\N,\N
"B1DD020C80D94CA288A955FAFAB64167","2015-08-20 12:00:00","2023-12-15 15:57:24",\N,\N,\N,"0","2015-08-20 12:00:00","0",\N,\N,"FXCA036",\N,"$AppReportsPath$\Cuentas por Cobrar\Pagare.xpd",\N,\N,\N,\N,\N,\N
"91CEF63FDEA744F8AB84A5831CD23971","2015-08-20 12:00:00","2023-12-15 15:57:24",\N,\N,\N,"0","2015-08-20 12:00:00","0",\N,\N,"FXCA037",\N,"$AppReportsPath$\Inventario\Vale de entrada.xpd",\N,\N,\N,\N,\N,\N
"30C4993874D347689200F34F5F144DA1","2015-08-20 12:00:00","2023-12-15 15:57:24",\N,\N,\N,"0","2015-08-20 12:00:00","0",\N,\N,"FXCA038",\N,"$AppReportsPath$\Inventario\Vale de salida.xpd",\N,\N,\N,\N,\N,\N
"B0F238C15EF04FAFBD254895F1CD7EBC","2015-08-20 12:00:00","2023-12-15 15:57:24",\N,\N,\N,"0","2015-08-20 12:00:00","0",\N,\N,"FXCA039",\N,"$AppReportsPath$\Contabilidad y Finanzas\Poliza de ingreso.xpd",\N,\N,\N,\N,\N,\N
"901CACBD40B8430199AFC88D8C1FDCC5","2015-08-20 12:00:00","2023-12-15 15:57:24",\N,\N,\N,"0","2015-08-20 12:00:00","0",\N,\N,"FXCA040",\N,"$AppReportsPath$\Contabilidad y Finanzas\Poliza de egreso.xpd",\N,\N,\N,\N,\N,\N
"9A18EB3F1F7640D49E059BE9AAB55240","2015-08-20 12:00:00","2023-12-15 15:57:24",\N,\N,\N,"0","2015-08-20 12:00:00","0",\N,\N,"FXCA041",\N,"$AppReportsPath$\Contabilidad y Finanzas\Poliza de diario.xpd",\N,\N,\N,\N,\N,\N
"CB4E2C62BA604D43AB3E8F04A5369D8F","2015-08-20 12:00:00","2023-12-15 15:57:24",\N,\N,\N,"0","2015-08-20 12:00:00","0",\N,\N,"FXCA042",\N,"$AppReportsPath$\Cuentas por Cobrar\Nota de credito CXC.xpd",\N,\N,\N,\N,\N,\N
"E5B0EF291E3642E795A4EC76B4BCA5EF","2015-08-20 12:00:00","2023-12-15 15:57:24",\N,\N,\N,"0","2015-08-20 12:00:00","0",\N,\N,"FXCA043",\N,"@Linea|0000","Producto",\N,\N,\N,6,\N
"7685FA3BBE964BEC981E317D7CC2F3BC","2015-08-20 12:00:00","2023-12-15 15:57:24",\N,\N,\N,"0","2015-08-20 12:00:00","0",\N,\N,"FXCA044",\N,"@TCliente|0000","Cliente",\N,\N,\N,6,\N
"A09D7B7F69624445853EAA54FDA0FF7D","2015-08-20 12:00:00","2023-12-15 15:57:24",\N,\N,\N,"0","2015-08-20 12:00:00","0",\N,\N,"FXCA045",\N,"@TProveedor|0000","Provedor",\N,\N,\N,6,\N
"FC43B531E5AC487493A7B37DE4E65FE0","2015-08-20 12:00:00","2023-12-15 15:57:24",\N,\N,\N,"0","2015-08-20 12:00:00","0",\N,\N,"FXCA046",\N,"|0000","Agente",\N,\N,\N,6,\N
"B344C972FFED44F58CD51BB1EC88ACB8","2015-08-20 12:00:00","2023-12-15 15:57:24",\N,\N,\N,"0","2015-08-20 12:00:00","0",\N,\N,"FXCA047",\N,"|0000","Almacen",\N,\N,\N,6,\N
"B344C972FFED44F58CD51BB1EC88AC08","2015-08-20 12:00:00","2023-12-15 15:57:24",\N,\N,\N,"0","2015-08-20 12:00:00","0",\N,\N,"FXCA048",\N,"|0000","Banco",\N,\N,\N,6,\N
"7B475FEC95E944FCB2B2E32DDB31BD72","2015-08-20 12:00:00","2023-12-15 15:57:24",\N,\N,\N,"0","2015-08-20 12:00:00","0",\N,\N,"FXCA049",\N,"|0000","Caja",\N,\N,\N,6,\N
"00DFD97740B846FD913ECD8102001B81","2015-08-20 12:00:00","2023-12-15 15:57:24",\N,\N,\N,"0","2015-08-20 12:00:00","0",\N,\N,"FXCA050",\N,"|0000","Cajero",\N,\N,\N,6,\N
"0A3B65AB9E3942B5B39B63F18452D854","2015-08-20 12:00:00","2023-12-15 15:57:24",\N,\N,\N,"0","2015-08-20 12:00:00","0",\N,\N,"FXCA051",\N,"|0000","Categoría",\N,\N,\N,6,\N
"154FCF863D8242F895FA30E0CCE89179","2015-08-20 12:00:00","2023-12-15 15:57:24",\N,\N,\N,"0","2015-08-20 12:00:00","0",\N,\N,"FXCA052",\N,"|0000","Centro de Consumo",\N,\N,\N,6,\N
"8491FFDACF404A7A93F68B376D3F9D00","2015-08-20 12:00:00","2023-12-15 15:57:24",\N,\N,\N,"0","2015-08-20 12:00:00","0",\N,\N,"FXCA053",\N,"|0000",\N,\N,\N,\N,\N,\N
"B344C972FFED44F58CD51BB1EC88AC10","2015-08-20 12:00:00","2023-12-15 15:57:24",\N,\N,\N,"0","2015-08-20 12:00:00","0",\N,\N,"FXCA054",\N,"|0000","Configuración de impuestos",\N,\N,\N,6,\N
"B344C972FFED44F58CD51BB1EC88AC11","2015-08-20 12:00:00","2023-12-15 15:57:24",\N,\N,\N,"0","2015-08-20 12:00:00","0",\N,\N,"FXCA055",\N,"|0000","Contacto",\N,\N,\N,6,\N
"B344C972FFED44F58CD51BB1EC88AC12","2015-08-20 12:00:00","2023-12-15 15:57:24",\N,\N,\N,"0","2015-08-20 12:00:00","0",\N,\N,"FXCA056",\N,"|0000","Tipo de póliza",\N,\N,\N,6,\N
"C357030B5CD54059B20000AB756C9C1F","2015-08-20 12:00:00","2023-12-15 15:57:24",\N,\N,\N,"0","2015-08-20 12:00:00","0",\N,\N,"FXCA057",\N,"|0000","Departamento",\N,\N,\N,6,\N
"B0EEF9589B674AB8BA81BFE6C8FC57E4","2015-08-20 12:00:00","2023-12-15 15:57:24",\N,\N,\N,"0","2015-08-20 12:00:00","0",\N,\N,"FXCA058",\N,"|0000","Divisa",\N,\N,\N,6,\N
"C9B5B56F46A4481DB4AE3DECD02D17BA","2015-08-20 12:00:00","2023-12-15 15:57:24",\N,\N,\N,"0","2015-08-20 12:00:00","0",\N,\N,"FXCA059",\N,"|0000","Línea",\N,\N,\N,6,\N
"05C4E4C03CE94332BCAB1D001D559000","2015-08-20 12:00:00","2023-12-15 15:57:24",\N,\N,\N,"0","2015-08-20 12:00:00","0",\N,\N,"FXCA060",\N,"|0000","Marca",\N,\N,\N,6,\N
"B344C972FFED44F58CD51BB1EC88AC13","2015-08-20 12:00:00","2023-12-15 15:57:24",\N,\N,\N,"0","2015-08-20 12:00:00","0",\N,\N,"FXCA061",\N,"|0000","País",\N,\N,\N,6,\N
"D67ED0C70ED74DD0B8F2A73CF69123CE","2015-08-20 12:00:00","2023-12-15 15:57:24",\N,\N,\N,"0","2015-08-20 12:00:00","0",\N,\N,"FXCA062",\N,"|0000","Porteador",\N,\N,\N,6,\N
"D101812492FA48C1AAC1697F6D87E05E","2015-08-20 12:00:00","2023-12-15 15:57:24",\N,\N,\N,"0","2015-08-20 12:00:00","0",\N,\N,"FXCA063",\N,"|0000","Repartidor",\N,\N,\N,6,\N
"934ADBC990AF4F18000342E8D0321478","2015-08-20 12:00:00","2023-12-15 15:57:24",\N,\N,\N,"0","2015-08-20 12:00:00","0",\N,\N,"FXCA064",\N,"|0000","Tarjeta de Crédito",\N,\N,\N,6,\N
"1D29497D8C9C482300AD1613BC4300F8","2015-08-20 12:00:00","2023-12-15 15:57:24",\N,\N,\N,"0","2015-08-20 12:00:00","0",\N,\N,"FXCA065",\N,"|0000","Tipo de Cliente",\N,\N,\N,6,\N
"B4E47189BD4340B7A612CD765FCFF703","2015-08-20 12:00:00","2023-12-15 15:57:24",\N,\N,\N,"0","2015-08-20 12:00:00","0",\N,\N,"FXCA066",\N,"|0000","Tipo de Proveedor",\N,\N,\N,6,\N
"B344C972FFED44F58CD51BB1EC88AC14","2015-08-20 12:00:00","2023-12-15 15:57:24",\N,\N,\N,"0","2015-08-20 12:00:00","0",\N,\N,"FXCA067",\N,"|0000","Aduana",\N,\N,\N,6,\N
"B344C972FFED44F58CD51BB1EC88AC15","2015-08-20 12:00:00","2023-12-15 15:57:24",\N,\N,\N,"0","2015-08-20 12:00:00","0",\N,\N,"FXCA068",\N,"|0000","Zona",\N,\N,\N,6,\N
"B344C972FFED44F58CD51BB1EC88AC70","2015-08-20 12:00:00","2023-12-15 15:57:24",\N,\N,\N,"0","2015-08-20 12:00:00","0",\N,\N,"FXCA088",\N,"|0000","Centros de Producción",\N,\N,\N,6,\N
"4CBA336CF671447D862B52D7699DA0FF","2015-08-20 12:00:00","2023-12-15 15:57:24",\N,\N,\N,"0","2015-08-20 12:00:00","0",\N,\N,"FXCA090",\N,"1",\N,\N,\N,\N,\N,\N
"279B5B7B116B491DB3889F367C06598F","2015-08-20 12:00:00","2023-12-15 15:57:24",\N,\N,\N,"0","2015-08-20 12:00:00","0",\N,\N,"FXCA091",\N,"3",\N,\N,\N,\N,\N,\N
"43F5E0C158C8408F847D144FC0F4A64B","2015-08-20 12:00:00","2023-12-15 15:57:24",\N,\N,\N,"0","2015-08-20 12:00:00","0",\N,\N,"FXCA062",\N,"49",\N,\N,\N,\N,\N,\N
"5D57EACB8447408B8FC506465EF55BFD","2015-08-20 12:00:00","2023-12-15 15:57:24",\N,\N,\N,"0","2015-08-20 12:00:00","0",\N,\N,"FXCA063",\N,"21",\N,\N,\N,\N,\N,\N
"B2E51BE0DBC4423B8EA8097622F35290","2015-08-20 12:00:00","2023-12-15 15:57:24",\N,\N,\N,"0","2015-08-20 12:00:00","0",\N,\N,"FXCA064",\N,"32",\N,\N,\N,\N,\N,\N
"9049F32EADE04F3C97BACD3424826788","2015-08-20 12:00:00","2023-12-15 15:57:24",\N,\N,\N,"0","2015-08-20 12:00:00","0",\N,\N,"FXCA065",\N,"29",\N,\N,\N,\N,\N,\N
"868E00D16CDD4867B43E81D4142D0064","2015-08-20 12:00:00","2023-12-15 15:57:24",\N,\N,\N,"0","2015-08-20 12:00:00","0",\N,\N,"FXCA066",\N,"5",\N,\N,\N,\N,\N,\N
"923EB62947FF49EB966EAE9C67EA1D9B","2015-08-20 12:00:00","2023-12-15 15:57:24",\N,\N,\N,"0","2015-08-20 12:00:00","0",\N,\N,"FXCA067",\N,"30",\N,\N,\N,\N,\N,\N
"8092320DA8FE42B29E81E83E3777EC60","2015-08-20 12:00:00","2023-12-15 15:57:24",\N,\N,\N,"0","2015-08-20 12:00:00","0",\N,\N,"FXCA068",\N,"34",\N,\N,\N,\N,\N,\N
"1C5483F9F284473B99F7B141C264641C","2015-08-20 12:00:00","2023-12-15 15:57:24",\N,\N,\N,"0","2015-08-20 12:00:00","0",\N,\N,"FXCA069",\N,"31",\N,\N,\N,\N,\N,\N
"420CC2C9507843AD81AF9F5EEA3F9CD5","2015-08-20 12:00:00","2023-12-15 15:57:24",\N,\N,\N,"0","2015-08-20 12:00:00","0",\N,\N,"FXCA070",\N,"61",\N,\N,\N,\N,\N,\N
"F64CBBA1CA1D4604897300CBCB144E97","2015-08-20 12:00:00","2023-12-15 15:57:25",\N,\N,\N,"0","2015-08-20 12:00:00","0",\N,\N,"FXCA071",\N,"64",\N,\N,\N,\N,\N,\N
"80025CC2DB9844E994EDED5680E01DE3","2015-08-20 12:00:00","2023-12-15 15:57:25",\N,\N,\N,"0","2015-08-20 12:00:00","0",\N,\N,"FXCA072",\N,"59",\N,\N,\N,\N,\N,\N
"0BBCFBA1E9FC4073A18E3F8368734DC3","2015-08-20 12:00:00","2023-12-15 15:57:25",\N,\N,\N,"0","2015-08-20 12:00:00","0",\N,\N,"FXCA073",\N,"62",\N,\N,\N,\N,\N,\N
"EDC8C6632B80457CAADD195800499911","2015-08-20 12:00:00","2023-12-15 15:57:25",\N,\N,\N,"0","2015-08-20 12:00:00","0",\N,\N,"FXCA074",\N,"0",\N,\N,\N,\N,\N,\N
"435E318263DD4FDCBB26A75E21868C62","2015-08-20 12:00:00","2023-12-15 15:57:25",\N,\N,\N,"0","2015-08-20 12:00:00","0",\N,\N,"FXCA075",\N,"0",\N,\N,\N,\N,\N,\N
"A63F175CC125487EB37B5CDD0039B291","2015-08-20 12:00:00","2023-12-15 15:57:25",\N,\N,\N,"0","2015-08-20 12:00:00","0",\N,\N,"FXCA114",\N,"0",\N,\N,\N,\N,\N,\N
"7570FBAAC2E447479D22F3BDFE52ADF1","2015-08-20 12:00:00","2023-12-15 15:57:25",\N,\N,\N,"0","2015-08-20 12:00:00","0",\N,\N,"FXCA077",\N,"60",\N,\N,\N,\N,\N,\N
"4345391B998B4B2300AE1866B2DB9848","2015-08-20 12:00:00","2023-12-15 15:57:25",\N,\N,\N,"0","2015-08-20 12:00:00","0",\N,\N,"FXCA078",\N,"63",\N,\N,\N,\N,\N,\N
"1F070C631ACB4F71B7747976411501E0","2015-08-20 12:00:00","2023-12-15 15:57:25",\N,\N,\N,"0","2015-08-20 12:00:00","0",\N,\N,"FXCA080",\N,"$AppReportsPath$\Chequera\",\N,\N,\N,\N,\N,\N
"DB8C34427602417E8663AC9829B9338D","2015-08-20 12:00:00","2015-08-20 12:00:00",\N,\N,\N,"0","2015-08-20 12:00:00","0",\N,\N,"FXCACAT1",\N,"10",\N,\N,\N,\N,\N,\N
"6608D06A4E5411E3BA6975DAE5EEF70A","2015-08-20 12:00:00","2023-12-15 15:57:25",\N,\N,\N,"0","2015-08-20 12:00:00","0",\N,\N,"AlmacenTransito",\N,"2",\N,\N,\N,\N,\N,\N
"70C6B1EF4E5411E3BA6975DAE5EEF70A","2015-08-20 12:00:00","2023-12-15 15:57:25",\N,\N,\N,"0","2015-08-20 12:00:00","0",\N,\N,"CategoriaEnsamble",\N,"11",\N,\N,\N,\N,\N,\N
"C017C957CF1342E18C2B77858EF40381","2015-08-20 12:00:00","2015-08-20 12:00:00",\N,\N,\N,"0","2015-08-20 12:00:00","0","\N","0","CReciboBlock",\N,"0",\N,\N,\N,\N,\N,\N
"383472025DB6402780E0D757B803FA41","2015-08-20 12:00:00","2015-08-20 12:00:00",\N,\N,\N,"0","2015-08-20 12:00:00","0","\N","0","CReciboCategoria",\N,"0",\N,\N,\N,\N,\N,\N
"5FB486B423004924AE61F1B1AF1C1292","2015-08-20 12:00:00","2015-08-20 12:00:00",\N,\N,\N,"0","2015-08-20 12:00:00","0","\N","0","CReciboCuenta",\N,"0",\N,\N,\N,\N,\N,\N
"A456S78D98E5D65F45D68W7R89Y65H42","2015-08-20 12:00:00","2015-08-20 12:00:00",\N,\N,\N,"0","2015-08-20 12:00:00","0","\N","0","gvar_habilcorteciego",\N,"0",\N,\N,\N,\N,\N,\N
"05A2B9EE3FBB4DFD82CF3C7E776B45E0","2016-01-01 12:00:00","2023-12-15 15:57:22",\N,\N,\N,"0","2016-01-01 12:00:00","0",\N,\N,"FXCA300xa",\N,"2",\N,\N,\N,\N,\N,\N
"C4A7234896E84C6DAFDF551BA7D8F5DE","2016-01-01 12:00:00","2023-12-15 15:57:22",\N,\N,\N,"0","2016-01-01 12:00:00","0",\N,\N,"gvar_unidadcxc",\N,"SERVICIO",\N,\N,\N,\N,\N,\N
"4501AB61DE2C40B3A8C7B27417B754BB","2016-01-01 12:00:00","2023-12-15 15:57:22",\N,\N,\N,"0","2016-01-01 12:00:00","0",\N,\N,"gvar_seriefinanciar",\N,"0",\N,\N,\N,\N,\N,\N
"2674BF58859844E1BC00CF8E7224F1C5","2016-01-01 12:00:00","2023-12-15 15:57:25",\N,\N,\N,"0","2016-01-01 12:00:00","0",\N,\N,"gvar_liberartkt",\N,"1",\N,\N,\N,\N,\N,\N
"69412E0460244DFC811320F12500A120","2016-01-01 12:00:00","2023-12-15 15:57:25",\N,\N,\N,"0","2016-01-01 12:00:00","0",\N,\N,"gvar_FormaPago",\N,"1",\N,\N,\N,\N,\N,\N
"23FF9345038340079EA288D573A90025","2016-01-01 12:00:00","2023-12-15 15:57:25",\N,\N,\N,"0","2016-01-01 12:00:00","0",\N,\N,"gvar_MaxPagoEfectivo",\N,"2320",\N,\N,\N,\N,\N,\N
"4C9FFF99DE2C4C6087B91C82EE3D17F6","2016-01-01 12:00:00","2017-10-19 11:42:38",\N,\N,\N,"0","2016-01-01 12:00:00","0",\N,\N,"r5_db_ver",\N,"3",\N,\N,\N,\N,\N,\N
"6608D06A4E5411E3BA6975DAE5EEF71A","2016-01-01 12:00:00","2016-01-01 12:00:00",\N,\N,\N,\N,\N,"0",\N,\N,"gvar_CatIngresoTransf",\N,"5",\N,\N,\N,\N,\N,\N
"70C6B1EF4E5411E3BA6975DAE5EEF72A","2016-01-01 12:00:00","2016-01-01 12:00:00",\N,\N,\N,\N,\N,"0",\N,\N,"gvar_AplAbonosEgresoCta",\N,"1",\N,\N,\N,\N,\N,\N
"70C6B1EF4E5411E3BA6975DAE5EEF73A","2016-01-01 12:00:00","2016-01-01 12:00:00",\N,\N,\N,\N,\N,"0",\N,\N,"gvar_regoptlog",\N,"0",\N,\N,\N,\N,\N,\N
"70C6B1EF4E5411E3BA6975DAE5EEF74A","2016-01-01 12:00:00","2016-01-01 12:00:00",\N,\N,\N,\N,\N,"0",\N,\N,"gvar_CategoriaRecoleccionParcial",\N,"6",\N,\N,\N,\N,\N,\N
"70C6B1EF4E5411E3BA6975DAE5EEF75A","2016-01-01 12:00:00","2016-01-01 12:00:00",\N,\N,\N,\N,\N,"0",\N,\N,"gvar_DivisaRecoleccionParcial",\N,"1",\N,\N,\N,\N,\N,\N
"70C6B1EF4E5411E3BA6975DAE5EEF76A","2016-01-01 12:00:00","2016-01-01 12:00:00",\N,\N,\N,\N,\N,"0",\N,\N,"gvar_HabilitarRecoleccionParcial",\N,"0",\N,\N,\N,\N,\N,\N
"70C6B1EF4E5411E3BA6975DAE5EEF77A","2016-01-01 12:00:00","2016-01-01 12:00:00",\N,\N,\N,\N,\N,"0",\N,\N,"gvar_permitirFacParcialPedido",\N,"1",\N,\N,\N,\N,\N,\N
"EC1772D1944941FDB8E21FB335F26D41","2017-05-16 07:47:13","2023-06-23 10:13:29",\N,\N,\N,"0","2017-05-16 07:47:13","0",\N,\N,"FXCA102b",\N,"11",\N,\N,\N,\N,\N,\N
"0B40A93BB475448A996515906DC9FE05","2017-05-16 07:47:13","2023-06-23 10:13:29",\N,\N,\N,"0","2017-05-16 07:47:13","0",\N,\N,"CFDI33-0001",\N,"601",\N,\N,\N,\N,\N,\N
"2DAEB0AC66B44FE2A3A293C7CA253CA6","2017-05-16 07:47:13","2023-06-23 10:13:29",\N,\N,\N,"0","2017-05-16 07:47:13","0",\N,\N,"FXCA304x",\N,\N,\N,\N,\N,\N,\N,\N
"3F9B5ECE81F742538BC842A25BAAB18B","2017-05-16 07:47:13","2023-06-23 10:13:30",\N,\N,\N,"0","2017-05-16 07:47:13","0",\N,\N,"FXCA305x",\N,\N,\N,\N,\N,\N,\N,\N
"E56E547FAF66442FBA6867C314001D13","2017-05-16 07:47:13","2023-06-23 10:13:30",\N,\N,\N,"0","2017-05-16 07:47:13","0",\N,\N,"FXCA306x",\N,\N,\N,\N,\N,\N,\N,\N
"3180149C671A4B8CA04CE33811AE00C6","2017-05-16 07:47:13","2023-06-23 10:13:30",\N,\N,\N,"0","2017-05-16 07:47:13","0",\N,\N,"FXCA307x",\N,\N,\N,\N,\N,\N,\N,\N
"DD6F22A85DC1480AA866AB2C996388B8","2017-05-16 07:47:13","2023-06-23 10:13:30",\N,\N,\N,"0","2017-05-16 07:47:13","0",\N,\N,"FXCA308x",\N,\N,\N,\N,\N,\N,\N,\N
"4E3CFE510E3749C1BFAC499CA17FA5CE","2017-05-16 07:47:13","2023-06-23 10:13:30",\N,\N,\N,"0","2017-05-16 07:47:13","0",\N,\N,"FXCA309x",\N,\N,\N,\N,\N,\N,\N,\N
"698308853BB046FDBAE760F965D27EF4","2017-05-16 07:47:14","2023-06-23 10:13:30",\N,\N,\N,"0","2017-05-16 07:47:14","0",\N,\N,"FXCA310x",\N,"0",\N,\N,\N,\N,\N,\N
"96F987DE6DCF40A0BBF7D422FE9ECDDE","2017-05-16 07:47:14","2023-06-23 10:13:30",\N,\N,\N,"0","2017-05-16 07:47:14","0",\N,\N,"FXCA311x",\N,\N,\N,\N,\N,\N,\N,\N
"EBBD30C7C2794ED783B27F156E65ABBC","2017-05-16 07:47:14","2023-06-23 10:13:30",\N,\N,\N,"0","2017-05-16 07:47:14","0",\N,\N,"FXCA313x",\N,"0",\N,\N,\N,\N,\N,\N
"897F9E8216284BF2A36BF36D54809D74","2017-05-16 07:47:14","2023-06-23 10:13:30",\N,\N,\N,"0","2017-05-16 07:47:14","0",\N,\N,"FXCA314x",\N,"0",\N,\N,\N,\N,\N,\N
"260775E780EF40DE8C46BBB3C974F4D3","2017-05-16 07:47:14","2023-06-23 10:13:30",\N,\N,\N,"0","2017-05-16 07:47:14","0",\N,\N,"FXCA315x",\N,"1",\N,\N,\N,\N,\N,\N
"66155A5870764EDC898B6250AA4F656E","2017-05-16 07:47:14","2023-06-23 10:13:30",\N,\N,\N,"0","2017-05-16 07:47:14","0",\N,\N,"FXCA327x",\N,"1",\N,\N,\N,\N,\N,\N
"F59B831E59C043759738575C9782593B","2017-05-16 07:47:14","2023-06-23 10:13:30",\N,\N,\N,"0","2017-05-16 07:47:14","0",\N,\N,"FXCA328x",\N,"2",\N,\N,\N,\N,\N,\N
"24BE88AB81484C40A179814F505E2F68","2017-05-16 08:09:26","2023-06-23 10:13:30",\N,\N,\N,"0","2017-05-16 08:09:26","0",\N,\N,"FXCB01121",\N,"1",\N,\N,\N,\N,\N,\N
"4F0EFC2215E848B9B0EF00D8053608F4","2017-05-16 08:09:40","2023-06-23 10:13:30",\N,\N,\N,"0","2017-05-16 08:09:40","0",\N,\N,"CFDImp001",\N,"3",\N,\N,\N,\N,\N,\N
"7192AD571E174D3AAC9E9B86D722FD3F","2017-05-16 08:09:41","2023-06-23 10:13:30",\N,\N,\N,"0","2017-05-16 08:09:41","0",\N,\N,"CFDImp002",\N,"$AppReportsPath$\Ventas\cfdi\Factura cfdi.txf",\N,\N,\N,\N,\N,\N
"5BE42056F1564003A6C04D160487DAFA","2017-05-16 08:09:41","2023-06-23 10:13:30",\N,\N,\N,"0","2017-05-16 08:09:41","0",\N,\N,"FXCA303x",\N,"$AppReportsPath$\Ventas\cfdi\Factura cfdi.txf",\N,\N,\N,\N,\N,\N
"B7D0474ADE3E4D4795DE5FEBC1F8AE59","2017-05-16 08:09:41","2023-06-23 10:13:30",\N,\N,\N,"0","2017-05-16 08:09:41","0",\N,\N,"CFDImp003",\N,"3",\N,\N,\N,\N,\N,\N
"76F1DA8ACDE44127ADB600DABB730300","2017-05-16 08:09:41","2023-06-23 10:13:30",\N,\N,\N,"0","2017-05-16 08:09:41","0",\N,\N,"CFDImp004",\N,"3",\N,\N,\N,\N,\N,\N
"3BCA3DF95FE042659D4FAF49873057D9","2017-05-16 08:09:41","2023-06-23 10:13:30",\N,\N,\N,"0","2017-05-16 08:09:41","0",\N,\N,"CFDImp005",\N,"3",\N,\N,\N,\N,\N,\N
"FE8356CADF7E4D0194C2698C6695DD00","2017-05-16 08:09:41","2023-06-23 10:13:30",\N,\N,\N,"0","2017-05-16 08:09:41","0",\N,\N,"CFDImp006",\N,"$AppReportsPath$\Ventas\cfdi\Nota de credito cfdi.txf",\N,\N,\N,\N,\N,\N
"621A813381344D058992B3F03386FC99","2017-05-16 08:09:41","2023-06-23 10:13:30",\N,\N,\N,"0","2017-05-16 08:09:41","0",\N,\N,"CFDImp007",\N,"$AppReportsPath$\Cuentas por cobrar\cfdi\Nota de credito cxc cfdi.txf",\N,\N,\N,\N,\N,\N
"8BB43916622D4EDA8F9383A429FC3767","2017-05-16 08:09:41","2023-06-23 10:13:30",\N,\N,\N,"0","2017-05-16 08:09:41","0",\N,\N,"CFDImp008",\N,"$AppReportsPath$\Cuentas por cobrar\cfdi\Nota de cargo cfdi.txf",\N,\N,\N,\N,\N,\N
"04BAD07794E249DDA39373927D18FFD5","2017-05-16 08:09:41","2023-06-23 10:13:30",\N,\N,\N,"0","2017-05-16 08:09:41","0",\N,\N,"CFDImp009",\N,"1",\N,\N,\N,\N,\N,\N
"537A71D81849456B9803F17D1046004F","2017-05-16 08:09:41","2023-06-23 10:13:30",\N,\N,\N,"0","2017-05-16 08:09:41","0",\N,\N,"CFDImp010",\N,"$AppReportsPath$\Cuentas por cobrar\cfdi\Factura parcialidad cfdi.txf",\N,\N,\N,\N,\N,\N
"DD4C94A1914F4210B97F901680A3794D","2017-05-16 08:09:41","2023-06-23 10:13:30",\N,\N,\N,"0","2017-05-16 08:09:41","0",\N,\N,"CFDImp011",\N,"$AppReportsPath$\Cuentas por cobrar\cfdi\Factura anticipo cfdi.txf",\N,\N,\N,\N,\N,\N
"28E6D046056A447E961FF1EA399B3632","2017-06-20 10:14:21","2017-10-06 05:44:26",\N,\N,\N,"0","2017-06-20 10:14:21","0",\N,\N,"FXCA300x",\N,"0",\N,\N,\N,\N,\N,\N
"7EEA7BBC54C64EE39734EA37DDB4A631","2017-06-20 10:14:22","2017-10-06 05:44:26",\N,\N,\N,"0","2017-06-20 10:14:22","0",\N,\N,"FXCA400x",\N,"1",\N,\N,\N,\N,\N,\N
"87EC7D40F5BB4E8AB82B6706F9DF06FD","2017-06-20 10:14:22","2017-10-06 05:44:26",\N,\N,\N,"0","2017-06-20 10:14:22","0",\N,\N,"FXCA401x",\N," ",\N,\N,\N,\N,\N,\N
"80E28A74164447C582C048C976CAA799","2017-06-20 10:14:22","2017-10-06 05:44:26",\N,\N,\N,"0","2017-06-20 10:14:22","0",\N,\N,"FXCA402x",\N,"0",\N,\N,\N,\N,\N,\N
"8A8AB819932F403986BF71EED240DD2C","2017-06-20 10:14:22","2017-10-06 05:44:26",\N,\N,\N,"0","2017-06-20 10:14:22","0",\N,\N,"FXCA403x",\N,"0",\N,\N,\N,\N,\N,\N
"D58E9E062BA24EB9800058E53E922F00","2017-08-08 06:21:35","2017-08-08 06:21:35",\N,\N,\N,"0","2017-08-08 06:21:35","0",\N,\N,"_DBEngine_",\N,"mysql",\N,\N,\N,\N,\N,\N
"474E9F6CDE2442A59465222F4BE4AD49","2017-08-08 06:21:40","2017-08-08 06:21:40",\N,\N,\N,"0","2017-08-08 06:21:40","0",\N,\N,"_CFisico",\N,"1",\N,\N,\N,\N,\N,\N
"33B4CE54EA4D49C7AD00876F3FC573F1","2017-09-27 06:11:26","2017-10-06 05:44:26",\N,\N,\N,"0","2017-09-27 06:11:26","0",\N,\N,"FXCA312x",\N,\N,\N,\N,\N,\N,\N,\N
"26105711402547FD9F5C700D0E241A77","2022-02-28 17:17:56","2022-02-28 17:17:56",\N,\N,\N,"0","2022-02-28 17:17:56","0",\N,\N,"EXCMD_server",\N,"server.test",\N,\N,\N,\N,\N,\N
"77105A73EBBA41C2914564C7A8C8A7FF","2022-02-28 17:17:56","2022-02-28 17:17:56",\N,\N,\N,"0","2022-02-28 17:17:56","0",\N,\N,"EXCMD_port",\N,"587",\N,\N,\N,\N,\N,\N
"5B1E2F95C34B4406A83F1BF2BFEDD587","2022-02-28 17:17:56","2022-02-28 17:17:56",\N,\N,\N,"0","2022-02-28 17:17:56","0",\N,\N,"EXCMD_protocol",\N,"",\N,\N,\N,\N,\N,\N
"8AA98E67B6584079B369D9074895B579","2022-02-28 17:17:56","2022-02-28 17:17:56",\N,\N,\N,"0","2022-02-28 17:17:56","0",\N,\N,"EXCMD_user",\N,"user@test.com",\N,\N,\N,\N,\N,\N
"4820A93300BB4FB8B9E2554A18651AE6","2022-02-28 17:17:56","2022-02-28 17:17:56",\N,\N,\N,"0","2022-02-28 17:17:56","0",\N,\N,"EXCMD_password",\N,"test",\N,\N,\N,\N,\N,\N
"D85A782D0F8644728CA0B5CD17C87F1D","2022-02-28 17:17:56","2022-02-28 17:17:56",\N,\N,\N,"0","2022-02-28 17:17:56","0",\N,\N,"EXCMD_from",\N,"user@test.com",\N,\N,\N,\N,\N,\N
"767D08F2DE784E7F80A9E04A5E2C4829","2022-02-28 17:17:56","2022-02-28 17:17:56",\N,\N,\N,"0","2022-02-28 17:17:56","0",\N,\N,"EXCMD_to",\N,"user2@test.com",\N,\N,\N,\N,\N,\N
"52E4B8E1303E4B81811C13579756E2DA","2022-02-28 17:17:56","2022-02-28 17:17:56",\N,\N,\N,"0","2022-02-28 17:17:56","0",\N,\N,"EXCMD_subject",\N,"Prueba",\N,\N,\N,\N,\N,\N
"AF128730C44F44EC81E43D082011D2C1","2022-11-10 09:12:59","2023-12-15 15:57:25",\N,\N,\N,"0","2022-11-10 09:12:59","0",\N,\N,"FXCA082",\N,"$AppReportsPath$\Inventario\Ensamble.xpd",\N,\N,\N,\N,\N,\N
"7B6737CC471048049FA612AA5699C297","2022-11-10 09:12:59","2023-12-15 15:57:25",\N,\N,\N,"0","2022-11-10 09:12:59","0",\N,\N,"gvar_CatEgresoTransf",\N,"6",\N,\N,\N,\N,\N,\N
"454029E8061E11EEA5760A002700000D","2023-06-08 11:02:19","2023-06-08 11:02:19",\N,\N,\N,"0","2023-06-08 11:02:19","0",\N,\N,"var_grupo_no_fracciones",\N,"0",\N,\N,\N,\N,\N,\N
"1f1a3c02596211eea14d0a002700000d","2023-09-22 10:07:17","2023-09-22 10:07:17",\N,\N,\N,\N,\N,"0","\N",\N,"pm_sync_pedidos",\N,"1",\N,\N,\N,\N,\N,\N
"1f22be1a596211eea14d0a002700000d","2023-09-22 10:07:17","2023-09-22 10:07:17",\N,\N,\N,\N,\N,"0","\N",\N,"pm_sync_existencias",\N,"0",\N,\N,\N,\N,\N,\N
"1f332eae596211eea14d0a002700000d","2023-09-22 10:07:17","2023-09-22 10:07:17",\N,\N,\N,\N,\N,"0","\N",\N,"pm_sync_cxc",\N,"0",\N,\N,\N,\N,\N,\N
"1f3d6fd5596211eea14d0a002700000d","2023-09-22 10:07:17","2023-09-22 10:07:17",\N,\N,\N,\N,\N,"0","\N",\N,"pm_pedido_serie",\N,"0",\N,\N,\N,\N,\N,\N
"1f41346d596211eea14d0a002700000d","2023-09-22 10:07:17","2023-09-22 10:07:17",\N,\N,\N,\N,\N,"0","\N",\N,"pm_pedido_cc",\N,"1",\N,\N,\N,\N,\N,\N
"1f450ead596211eea14d0a002700000d","2023-09-22 10:07:17","2023-09-22 10:07:17",\N,\N,\N,\N,\N,"0","\N",\N,"pm_almacen",\N,"0",\N,\N,\N,\N,\N,\N
"1f48e075596211eea14d0a002700000d","2023-09-22 10:07:17","2023-09-22 10:07:17",\N,\N,\N,\N,\N,"0","\N",\N,"pm_freq",\N,"0",\N,\N,\N,\N,\N,\N
"1f4cad94596211eea14d0a002700000d","2023-09-22 10:07:17","2023-09-22 10:07:17",\N,\N,\N,\N,\N,"0","\N",\N,"pm_metodo",\N,"1",\N,\N,\N,\N,\N,\N
"3c56a5cae5e24518a3ce4585bd12ae88","2024-01-15 10:34:28","2024-01-15 10:34:28",\N,\N,\N,\N,\N,"0",\N,\N,"admins_group_id","Administradores","Administradores","Grupo de administradores","Es el ID del grupo de administradores.","string","","5","0"
"2c7d9d8eaa52489891ea0d80116d08b5","2024-02-07 23:59:59","2024-02-07 23:59:59",\N,\N,\N,\N,\N,"0",\N,\N,"qa_issues_path","data/@qname/qa/issues/@issue/","data/@qname/qa/issues/@issue/","Ruta de archivos adjuntos a issues (qa)","Es la ruta física en donde se alojarán archivos adjuntos a Issues, admite las siguientes macros: @qname,@host,@issue,@project...","string","","5","0"
"e9e4fd714221410dbda3e0efe9e1f578","2024-02-12 17:59:59","2024-02-12 17:59:59",\N,\N,\N,\N,\N,"0",\N,\N,"sys_notif_freq_refresh","60","60","Actualización de notificaciones","Intervalo de actualización de la lista de notificaciones expresados en segundos, valor min: 5. Si no se define el valor será 60",\N,\N,\N,\N