sys_guid,sys_dtcreated,sys_timestamp,sys_recver,iso639_1,nombre
f9a01d638ef847c99c43550092484173,"2024-08-07 23:59:59","2024-08-07 23:59:59",0,aa,"afar"
62462403e3464e1d834ae11abbdc61e4,"2024-08-07 23:59:59","2024-08-07 23:59:59",0,ab,"abjasio (o abjasiano)"
329c8a131b6e42928c17be6b0b364484,"2024-08-07 23:59:59","2024-08-07 23:59:59",0,ae,"avéstico"
7e3aa188875f4f5f8c021971b68ab1b2,"2024-08-07 23:59:59","2024-08-07 23:59:59",0,af,"afrikáans"
3c0bafb38af9416aad98fa2e18ec481e,"2024-08-07 23:59:59","2024-08-07 23:59:59",0,ak,"akano"
a152259ff16d4c44a30cd76570b8d324,"2024-08-07 23:59:59","2024-08-07 23:59:59",0,am,"amhárico"
763b74fdab384b36ac5837a0ab727bee,"2024-08-07 23:59:59","2024-08-07 23:59:59",0,an,"aragonés"
28360e59cef744aab68f7a42c15ae891,"2024-08-07 23:59:59","2024-08-07 23:59:59",0,ar,"árabe"
ddcadcf9ea1a4d949c06139658a79419,"2024-08-07 23:59:59","2024-08-07 23:59:59",0,as,"asamés"
291ad890b7a64c5ea353c9bb3ea9bad4,"2024-08-07 23:59:59","2024-08-07 23:59:59",0,av,"avar (o ávaro)"
4915fadc92934bbca541b819c2f5d7d2,"2024-08-07 23:59:59","2024-08-07 23:59:59",0,ay,"aimara"
8062bda1e7c344fda6d7040962139404,"2024-08-07 23:59:59","2024-08-07 23:59:59",0,az,"azerí"
478cf8a1b6ed482eaa5c2e6208b2de3e,"2024-08-07 23:59:59","2024-08-07 23:59:59",0,ba,"baskir"
3c4bcbe625354bff8077b12f75f7ea1e,"2024-08-07 23:59:59","2024-08-07 23:59:59",0,be,"bielorruso"
495f4c38972b480eb37bf0b97eba212a,"2024-08-07 23:59:59","2024-08-07 23:59:59",0,bg,"búlgaro"
940e094075ea455ea613a9d3455b7b32,"2024-08-07 23:59:59","2024-08-07 23:59:59",0,bh,"bhoyapurí"
3323e5b28e2b4e8c9119e31f768cfe2f,"2024-08-07 23:59:59","2024-08-07 23:59:59",0,bi,"bislama"
725dbb21a5d44973a98f46ce87dee652,"2024-08-07 23:59:59","2024-08-07 23:59:59",0,bm,"bambara"
0ace960b60cc44e5a04d9453e9f5a1a7,"2024-08-07 23:59:59","2024-08-07 23:59:59",0,bn,"bengalí"
e33123050e4c4d71a1af75138eafd808,"2024-08-07 23:59:59","2024-08-07 23:59:59",0,bo,"tibetano"
a60f5ca0f4fe4aa4b0636494a0943280,"2024-08-07 23:59:59","2024-08-07 23:59:59",0,br,"bretón"
bfe9382e2e644914ad2809ee173d9471,"2024-08-07 23:59:59","2024-08-07 23:59:59",0,bs,"bosnio"
225918a825bf48b185382498657117de,"2024-08-07 23:59:59","2024-08-07 23:59:59",0,ca,"catalán"
0d26547cc175416a8c8c4681ae4af357,"2024-08-07 23:59:59","2024-08-07 23:59:59",0,ce,"checheno"
5a06114cec2a42229cb2ae4e78753082,"2024-08-07 23:59:59","2024-08-07 23:59:59",0,ch,"chamorro"
f3953d34dd174d178c22ad3ae9eec02c,"2024-08-07 23:59:59","2024-08-07 23:59:59",0,co,"corso"
bb0204fc36974f56ac285de2507e40a3,"2024-08-07 23:59:59","2024-08-07 23:59:59",0,cr,"cree"
028fd33a548f4834bfbf16c94b576bec,"2024-08-07 23:59:59","2024-08-07 23:59:59",0,cs,"checo"
3d41d5017a0644d1b9e7a23036a88d2f,"2024-08-07 23:59:59","2024-08-07 23:59:59",0,cu,"eslavo eclesiástico antiguo"
0772aed1fa874fdfbd922add2505c317,"2024-08-07 23:59:59","2024-08-07 23:59:59",0,cv,"chuvasio"
80ef1145e7f848ee9c82fe1b6b3121b2,"2024-08-07 23:59:59","2024-08-07 23:59:59",0,cy,"galés"
433f5115c9e84f7d96b5cec877cfc9e1,"2024-08-07 23:59:59","2024-08-07 23:59:59",0,da,"danés"
e246c5aa94f44af5be81129546f3f0ad,"2024-08-07 23:59:59","2024-08-07 23:59:59",0,de,"alemán"
248495553b314b4d9811ba1218d88116,"2024-08-07 23:59:59","2024-08-07 23:59:59",0,dv,"maldivo (o dhivehi)"
595e724dec234fc3a41df90024f24ad6,"2024-08-07 23:59:59","2024-08-07 23:59:59",0,dz,"dzongkha"
eec8ff1e78a74db88ff243edcfc1d5ce,"2024-08-07 23:59:59","2024-08-07 23:59:59",0,ee,"ewé"
6ea585a3c31e43b98f832358a47392b1,"2024-08-07 23:59:59","2024-08-07 23:59:59",0,el,"griego (moderno)"
949803c476594c93a673f84f8bb5354c,"2024-08-07 23:59:59","2024-08-07 23:59:59",0,en,"inglés"
9965d04ea466468390344f19670b7396,"2024-08-07 23:59:59","2024-08-07 23:59:59",0,eo,"esperanto"
20e90bbfc3874584a784a4b59215a732,"2024-08-07 23:59:59","2024-08-07 23:59:59",0,es,"español (o castellano)"
a4b1db16158e4cb493325d3b191874f0,"2024-08-07 23:59:59","2024-08-07 23:59:59",0,et,"estonio"
47b3aad7c37a4b6ea4d88f3896f64623,"2024-08-07 23:59:59","2024-08-07 23:59:59",0,eu,"euskera"
7e1fb1ca749e4bfd80c39a73950264d0,"2024-08-07 23:59:59","2024-08-07 23:59:59",0,fa,"persa"
46b6f80aa9d2462cb074a1db87119ac9,"2024-08-07 23:59:59","2024-08-07 23:59:59",0,ff,"fula"
bfb96bc59dcf4b2facc8096c31bd4723,"2024-08-07 23:59:59","2024-08-07 23:59:59",0,fi,"finés (o finlandés)"
d115fac0124b4737ad26596711202489,"2024-08-07 23:59:59","2024-08-07 23:59:59",0,fj,"fiyiano (o fiyi)"
25d3cc92b75b4738962bc0dc121353c0,"2024-08-07 23:59:59","2024-08-07 23:59:59",0,fo,"feroés"
2b00967611484dcfad227ac5833eb706,"2024-08-07 23:59:59","2024-08-07 23:59:59",0,fr,"francés"
816003b509c64253b6da88e465a0aa9c,"2024-08-07 23:59:59","2024-08-07 23:59:59",0,fy,"frisón (o frisio)"
4925cf5a469e40e086a1caf34dd1aa54,"2024-08-07 23:59:59","2024-08-07 23:59:59",0,ga,"irlandés (o gaélico)"
4497173b913f4b26bdb3c0a820f7ecac,"2024-08-07 23:59:59","2024-08-07 23:59:59",0,gd,"gaélico escocés"
a6f067126d6e432ca388f05f66f6f2c8,"2024-08-07 23:59:59","2024-08-07 23:59:59",0,gl,"gallego"
26b0481720b74869b0d484ed50e47cc5,"2024-08-07 23:59:59","2024-08-07 23:59:59",0,gn,"guaraní"
f4d7396547644b0cb50086de6855608f,"2024-08-07 23:59:59","2024-08-07 23:59:59",0,gu,"guyaratí (o gujaratí)"
11cd5afba2d94db8a257b916a66d5af9,"2024-08-07 23:59:59","2024-08-07 23:59:59",0,gv,"manés (gaélico manés o de Isla de Man)"
bc467e73941e43ca8ed1f7dd5062c8ad,"2024-08-07 23:59:59","2024-08-07 23:59:59",0,ha,"hausa"
67ac99ca3bba4e1d8a2d62626a39f91e,"2024-08-07 23:59:59","2024-08-07 23:59:59",0,he,"hebreo"
15c384b31f004e6187f380979c7bc340,"2024-08-07 23:59:59","2024-08-07 23:59:59",0,hi,"hindi (o hindú)"
13490409c8af41e287adcf3c07a01ebb,"2024-08-07 23:59:59","2024-08-07 23:59:59",0,ho,"hiri motu"
c9c3f9a96f5b4424b8e9ea36ed565e19,"2024-08-07 23:59:59","2024-08-07 23:59:59",0,hr,"croata"
73f4461382bd47709526a4a568852e8c,"2024-08-07 23:59:59","2024-08-07 23:59:59",0,ht,"haitiano"
0ced3838d176467282b3c32694359fa1,"2024-08-07 23:59:59","2024-08-07 23:59:59",0,hu,"húngaro"
b9409532b6f649c48a26f5f449fbbc7c,"2024-08-07 23:59:59","2024-08-07 23:59:59",0,hy,"armenio"
c633624ee54f4ddeb3aa9c0bc57a6fd1,"2024-08-07 23:59:59","2024-08-07 23:59:59",0,hz,"herero"
93cb3ff98dae406da19c4bda179bbb5f,"2024-08-07 23:59:59","2024-08-07 23:59:59",0,ia,"interlingua"
16248cd4f86649c2ab1d8a023a2d9eb8,"2024-08-07 23:59:59","2024-08-07 23:59:59",0,id,"indonesio"
f6ed3dcefac14b2d987466a46c6d9673,"2024-08-07 23:59:59","2024-08-07 23:59:59",0,ie,"occidental"
10d53ab67c554667b35b052ef08105bb,"2024-08-07 23:59:59","2024-08-07 23:59:59",0,ig,"igbo"
53d7a5f9e4514f448645eace685bf146,"2024-08-07 23:59:59","2024-08-07 23:59:59",0,ii,"yi de Sichuán"
5ace52a569784d6a8a9d03af26fc11d3,"2024-08-07 23:59:59","2024-08-07 23:59:59",0,ik,"iñupiaq"
a0adb7d01c6c431989dc0c96dde73c5a,"2024-08-07 23:59:59","2024-08-07 23:59:59",0,io,"ido"
95a3928cd4f4423a94fa21fc9c9e8b90,"2024-08-07 23:59:59","2024-08-07 23:59:59",0,is,"islandés"
1a05d2fdb11e4119a015a63707222b37,"2024-08-07 23:59:59","2024-08-07 23:59:59",0,it,"italiano"
25ee7818601946228a4e66aff61b5539,"2024-08-07 23:59:59","2024-08-07 23:59:59",0,iu,"inuktitut (o inuit)"
6bc5b75565974da7aa0025c073bc4012,"2024-08-07 23:59:59","2024-08-07 23:59:59",0,ja,"japonés"
25f409fcfa414b34bf09848a08b5e78d,"2024-08-07 23:59:59","2024-08-07 23:59:59",0,jv,"javanés"
9c963544fa7f4e15901557cccd3cc6bd,"2024-08-07 23:59:59","2024-08-07 23:59:59",0,ka,"georgiano"
89ebe27ce48e41b3a27ebe2dac5263a7,"2024-08-07 23:59:59","2024-08-07 23:59:59",0,kg,"kongo (o kikongo)"
5847bffea065443fa1a341db37c39aee,"2024-08-07 23:59:59","2024-08-07 23:59:59",0,ki,"kikuyu"
77bc27740c5a418aa819c620a431bf22,"2024-08-07 23:59:59","2024-08-07 23:59:59",0,kj,"kuanyama"
3229b90fcd8c47d6b51853ab3bdda06e,"2024-08-07 23:59:59","2024-08-07 23:59:59",0,kk,"kazajo (o kazajio)"
9fda47012abf4332b2f67edc618b5119,"2024-08-07 23:59:59","2024-08-07 23:59:59",0,kl,"groenlandés (o kalaallisut)"
a179f5f0eea844a4a9049ca00d52554d,"2024-08-07 23:59:59","2024-08-07 23:59:59",0,km,"camboyano (o jemer)"
25f02ef96bab492382cc83eca6dc14d4,"2024-08-07 23:59:59","2024-08-07 23:59:59",0,kn,"canarés"
02857ed2bcc949ff8d123cee3a0cb384,"2024-08-07 23:59:59","2024-08-07 23:59:59",0,ko,"coreano"
4bf14c7bc2534936806d982b8a6a042e,"2024-08-07 23:59:59","2024-08-07 23:59:59",0,kr,"kanuri"
bcf5c450ada8414ea5a6e0fdbbcfe424,"2024-08-07 23:59:59","2024-08-07 23:59:59",0,ks,"cachemiro (o cachemir)"
5f85bcb70bc1492fb05567681ee5155f,"2024-08-07 23:59:59","2024-08-07 23:59:59",0,ku,"kurdo"
c51f07c300f345988f3cbda2c7f25bf9,"2024-08-07 23:59:59","2024-08-07 23:59:59",0,kv,"komi"
b04c972290a14c2280ad53e6895e8bed,"2024-08-07 23:59:59","2024-08-07 23:59:59",0,kw,"córnico"
be321c5cd13f49ada15d30460f79a085,"2024-08-07 23:59:59","2024-08-07 23:59:59",0,ky,"kirguís"
b08184128dca492390f55ccdfb987478,"2024-08-07 23:59:59","2024-08-07 23:59:59",0,la,"latín"
933771f243284218844688f585480690,"2024-08-07 23:59:59","2024-08-07 23:59:59",0,lb,"luxemburgués"
c2eec1fcfd454680ab0ed18260399723,"2024-08-07 23:59:59","2024-08-07 23:59:59",0,lg,"luganda"
eee7ab7aa8a5477a8dad101f173c9a48,"2024-08-07 23:59:59","2024-08-07 23:59:59",0,li,"limburgués"
b7f1a220abc745028a2b6c2e681a6b61,"2024-08-07 23:59:59","2024-08-07 23:59:59",0,ln,"lingala"
6183b1faaf264b0794ca7d99f7bdd83b,"2024-08-07 23:59:59","2024-08-07 23:59:59",0,lo,"lao"
150a29404f9b481f8a67050d01f991f1,"2024-08-07 23:59:59","2024-08-07 23:59:59",0,lt,"lituano"
0396f694ba494f4b8f225341bcabd816,"2024-08-07 23:59:59","2024-08-07 23:59:59",0,lu,"luba-katanga (o chiluba)"
c0f46183d5a9433b9dc5452228dbe640,"2024-08-07 23:59:59","2024-08-07 23:59:59",0,lv,"letón"
22fbece84c33432b98e2648dee97e0b9,"2024-08-07 23:59:59","2024-08-07 23:59:59",0,mg,"malgache (o malagasy)"
a6556b6472814f7782829ca64cd3ddbb,"2024-08-07 23:59:59","2024-08-07 23:59:59",0,mh,"marshalés"
3fb4f3b95afd41788d959106c05e6617,"2024-08-07 23:59:59","2024-08-07 23:59:59",0,mi,"maorí"
4767beae321a4cf1955b965d7f52c1b1,"2024-08-07 23:59:59","2024-08-07 23:59:59",0,mk,"macedonio"
448fc240e6ef4498b5376f8178daaab7,"2024-08-07 23:59:59","2024-08-07 23:59:59",0,ml,"malayalam"
b032e66445284ef0bbc09060512120ad,"2024-08-07 23:59:59","2024-08-07 23:59:59",0,mn,"mongol"
fdc036861a86442cbb78f4c33d78e507,"2024-08-07 23:59:59","2024-08-07 23:59:59",0,mr,"maratí"
0aebdd58f18243d7a9736ddf60d387e7,"2024-08-07 23:59:59","2024-08-07 23:59:59",0,ms,"malayo"
7f4740b2c7474324926fd16a1e2d6903,"2024-08-07 23:59:59","2024-08-07 23:59:59",0,mt,"maltés"
3f15deabac8648c1bda56385117ac287,"2024-08-07 23:59:59","2024-08-07 23:59:59",0,my,"birmano"
c2223825ff764ea9815b22c3e5266e9e,"2024-08-07 23:59:59","2024-08-07 23:59:59",0,na,"nauruano"
cf5068e4e642461fabd2d277e1a27f94,"2024-08-07 23:59:59","2024-08-07 23:59:59",0,nb,"noruego bokmål"
c40c03c16e544842b79aafe3ec5d83c2,"2024-08-07 23:59:59","2024-08-07 23:59:59",0,nd,"ndebele del norte"
6e873192484f4d86a162c7b21ecac415,"2024-08-07 23:59:59","2024-08-07 23:59:59",0,ne,"nepalí"
d244cbd106b849cd9510e897a883c945,"2024-08-07 23:59:59","2024-08-07 23:59:59",0,ng,"ndonga"
8f21dcfeb5e54f4fbcfb49ef577bdd6d,"2024-08-07 23:59:59","2024-08-07 23:59:59",0,nl,"neerlandés (u holandés)"
fd8ef21fa6c04cf58c354365c39f6559,"2024-08-07 23:59:59","2024-08-07 23:59:59",0,nn,"nynorsk"
4e52009a1fe24d99bb49dd46add7c87e,"2024-08-07 23:59:59","2024-08-07 23:59:59",0,no,"noruego"
0b212770a74c413fa90a5d7dc1b63d96,"2024-08-07 23:59:59","2024-08-07 23:59:59",0,nr,"ndebele del sur"
50fbe27e0b194e7c81b6870d4247634d,"2024-08-07 23:59:59","2024-08-07 23:59:59",0,nv,"navajo"
b1ae901a22b648629fa4c597f89bb664,"2024-08-07 23:59:59","2024-08-07 23:59:59",0,ny,"chichewa"
ea0395f6513246918d401bdeb0ee2e12,"2024-08-07 23:59:59","2024-08-07 23:59:59",0,oc,"occitano"
ed6287401d8749e2b0c37bf4f24de2eb,"2024-08-07 23:59:59","2024-08-07 23:59:59",0,oj,"ojibwa"
2d7c1bfd31e3499ba3caa5db0a2276bd,"2024-08-07 23:59:59","2024-08-07 23:59:59",0,om,"oromo"
fd140b16ae9949ffab71a89069dd0020,"2024-08-07 23:59:59","2024-08-07 23:59:59",0,or,"oriya"
821a545b38a04ea0bf53533e265e3aaa,"2024-08-07 23:59:59","2024-08-07 23:59:59",0,os,"osético (u osetio, u oseta)"
5b385426545b4b599ff41dcdc4c074eb,"2024-08-07 23:59:59","2024-08-07 23:59:59",0,pa,"panyabí (o penyabi)"
9784a573b8414540b28761fb127e5069,"2024-08-07 23:59:59","2024-08-07 23:59:59",0,pi,"pali"
011952efa88f49f99e73f44cb5a9b3a3,"2024-08-07 23:59:59","2024-08-07 23:59:59",0,pl,"polaco"
14a00f2859fc49a1ad24ef56ba6f45ab,"2024-08-07 23:59:59","2024-08-07 23:59:59",0,ps,"pastú (o pastún, o pashto)"
128b6ea8059741dab66d7306b6611386,"2024-08-07 23:59:59","2024-08-07 23:59:59",0,pt,"portugués"
a34bf48005ff475998b835ff4ea21ed1,"2024-08-07 23:59:59","2024-08-07 23:59:59",0,qc,"quechua"
baea1031c8a74d0ab8e911a753b77bdf,"2024-08-07 23:59:59","2024-08-07 23:59:59",0,rm,"romanche"
b005f20b28f04ca9b49aac72c91d3125,"2024-08-07 23:59:59","2024-08-07 23:59:59",0,rn,"kirundi"
8768895749c5465ba4572d1a5fc17e75,"2024-08-07 23:59:59","2024-08-07 23:59:59",0,ro,"rumano"
ade7ac7331dd4d058ca3fceff62df5ce,"2024-08-07 23:59:59","2024-08-07 23:59:59",0,ru,"ruso"
5601993880d042cab36d3fbb9ae901a8,"2024-08-07 23:59:59","2024-08-07 23:59:59",0,rw,"ruandés (o kiñaruanda)"
a0cb53e89bce4c2f8d35f11624ffb258,"2024-08-07 23:59:59","2024-08-07 23:59:59",0,sa,"sánscrito"
7cbc2c99bef94665af27682ce8704918,"2024-08-07 23:59:59","2024-08-07 23:59:59",0,sc,"sardo"
9b88153d51d14715ac9363e5fdeda9e6,"2024-08-07 23:59:59","2024-08-07 23:59:59",0,sd,"sindhi"
bf995eec549b4d16a160787f75c1eb4d,"2024-08-07 23:59:59","2024-08-07 23:59:59",0,se,"sami septentrional"
fcc31b9209ba49dcbcdf9af38972fe8b,"2024-08-07 23:59:59","2024-08-07 23:59:59",0,sg,"sango"
ac8956e4f0e44136bb6b609fd5478e56,"2024-08-07 23:59:59","2024-08-07 23:59:59",0,si,"cingalés"
bbc0826b82564414bd6df71d11088c89,"2024-08-07 23:59:59","2024-08-07 23:59:59",0,sk,"eslovaco"
3cadc495b7924867baf448376f365ea9,"2024-08-07 23:59:59","2024-08-07 23:59:59",0,sl,"esloveno"
78987419e15849f8aac1e47caeedd566,"2024-08-07 23:59:59","2024-08-07 23:59:59",0,sm,"samoano"
6271abdacb4d4ecbb20796716343be42,"2024-08-07 23:59:59","2024-08-07 23:59:59",0,sn,"shona"
e01114f34b844c028325e256601e720c,"2024-08-07 23:59:59","2024-08-07 23:59:59",0,so,"somalí"
bbaa36239d67457ea321c20cad0f0306,"2024-08-07 23:59:59","2024-08-07 23:59:59",0,sq,"albanés"
b4e83dc1e5ce4c708b91c6e43cb4b69f,"2024-08-07 23:59:59","2024-08-07 23:59:59",0,sr,"serbio"
4e6a50d71d05402b8fabd7ea041a49d2,"2024-08-07 23:59:59","2024-08-07 23:59:59",0,ss,"suazi (o swati, o siSwati)"
dc1540434ec040a0a88f6f610c29aec2,"2024-08-07 23:59:59","2024-08-07 23:59:59",0,st,"sesotho"
276685d7c91845d3aa228e995c43c891,"2024-08-07 23:59:59","2024-08-07 23:59:59",0,su,"sundanés (o sondanés)"
5aa40767a1814ceba7c1b6a3c9c2e54a,"2024-08-07 23:59:59","2024-08-07 23:59:59",0,sv,"sueco"
e8cb7659f2c048e088e9bdce955898c0,"2024-08-07 23:59:59","2024-08-07 23:59:59",0,sw,"suajili"
0b892beb3ca249e38dc25c53947ceac3,"2024-08-07 23:59:59","2024-08-07 23:59:59",0,ta,"tamil"
ee24f4b1abe34767b5393bd8ad119127,"2024-08-07 23:59:59","2024-08-07 23:59:59",0,te,"télugu"
d6bc6f700f5b4d378f3a706e2949093d,"2024-08-07 23:59:59","2024-08-07 23:59:59",0,tg,"tayiko"
26ac00fe8cfb4167ac4207e87c0a672b,"2024-08-07 23:59:59","2024-08-07 23:59:59",0,th,"tailandés"
918ecc7b7e2943e4bdbf8d3aa5d9b184,"2024-08-07 23:59:59","2024-08-07 23:59:59",0,ti,"tigriña"
412eaebfee6a4dda8415c170e423acca,"2024-08-07 23:59:59","2024-08-07 23:59:59",0,tk,"turcomano"
cdf4a89c70174ce9aba1b7207e485af2,"2024-08-07 23:59:59","2024-08-07 23:59:59",0,tl,"tagalo"
28bb7cc48346420e88a5133868f10319,"2024-08-07 23:59:59","2024-08-07 23:59:59",0,tn,"setsuana"
46769fe700f34793913e1cf389a5988e,"2024-08-07 23:59:59","2024-08-07 23:59:59",0,to,"tongano"
bd1e62b924b84319a03e78ac5ebfafcf,"2024-08-07 23:59:59","2024-08-07 23:59:59",0,tr,"turco"
434b83157a7a40f1b8bb58ca8fef7bc5,"2024-08-07 23:59:59","2024-08-07 23:59:59",0,ts,"tsonga"
1de5199900ec49a9999915f480004767,"2024-08-07 23:59:59","2024-08-07 23:59:59",0,tt,"tártaro"
c5f4789dd5d14bfaa11b4aa4656bad5d,"2024-08-07 23:59:59","2024-08-07 23:59:59",0,tw,"twi"
4a14b007211d4d77bb55a6259238c2e6,"2024-08-07 23:59:59","2024-08-07 23:59:59",0,ty,"tahitiano"
5b8fda41a0644915b2f929b716588ea9,"2024-08-07 23:59:59","2024-08-07 23:59:59",0,ug,"uigur"
f280a6defd514c67a903ba18afaeaf5f,"2024-08-07 23:59:59","2024-08-07 23:59:59",0,uk,"ucraniano"
33778676d6fb4edfb4969a24d11bfd8c,"2024-08-07 23:59:59","2024-08-07 23:59:59",0,ur,"urdu"
ee336e14225f4f94abbbdc0446cca68a,"2024-08-07 23:59:59","2024-08-07 23:59:59",0,uz,"uzbeko"
ea1fb67747e44949b9c3ce3c650b5898,"2024-08-07 23:59:59","2024-08-07 23:59:59",0,ve,"venda"
d9ab4758a1f74ad09b1c19ea07941335,"2024-08-07 23:59:59","2024-08-07 23:59:59",0,vi,"vietnamita"
5294a832742e47b88fbf3d97ccbbe678,"2024-08-07 23:59:59","2024-08-07 23:59:59",0,vo,"volapük"
2d60ccc9f7aa41e8b42da59a5a316741,"2024-08-07 23:59:59","2024-08-07 23:59:59",0,wa,"valón"
86eb429ede494d14aa97c547428a2f9b,"2024-08-07 23:59:59","2024-08-07 23:59:59",0,wo,"wolof"
bcfb96591a9f44a2aa69c06524048d51,"2024-08-07 23:59:59","2024-08-07 23:59:59",0,xh,"xhosa"
33e80c79a059422bafbd110ed9be5689,"2024-08-07 23:59:59","2024-08-07 23:59:59",0,yi,"yídish (o yidis, o yiddish)"
4aba022722424f95b6e42639bad7fa59,"2024-08-07 23:59:59","2024-08-07 23:59:59",0,yo,"yoruba"
28fc680a76e24e0eb63b8e7b3f9ab9ad,"2024-08-07 23:59:59","2024-08-07 23:59:59",0,za,"chuan (o chuang, o zhuang)"
10b51b74bef9485389ef707508f1407c,"2024-08-07 23:59:59","2024-08-07 23:59:59",0,zh,"chino"
516600af2772435f8500685de24556bb,"2024-08-07 23:59:59","2024-08-07 23:59:59",0,zu,"zulú"