"id","caption","help","parent"
"1","Información general de la empresa","Nombre comercial, fiscal, etc.",\N
"2","Encabezado y pie de página para impresiones","Informes y tickets",\N
"2.1","Informes","Título, subtitulo, etc","2"
"2.2","Tickets","Encabezado y pie","2"
"3","Forma de cobro adicionales al efectivo aceptadas","Tarjetas, cheques, etc.",\N
"3.1","Operaciones en cobros con vales",\N,"3"
"4","Decimales de precisión y cadenas de formato","Dinero, fechas, etc.",\N
"5","Constantes","Divisa, centro de consumo, etc.",\N
"6","AutoCódigo","Producto, cliente, etc.",\N
"7","Ubicación de formato de impresión","Cotización, pedido, etc.",\N
"8","Contabilidad","Ejercicios, polizas, etc.",\N
"9","Compras y pagos a proveedor","Forma de pago, etc.",\N
"10","Comprobantes fiscales","Tipo de comprobante, unidad de media, etc.",\N
"11","Puntos de venta",\N,\N